Time,Zone,Count,Risk,Time_duration,Elapsed_hour,Hour,Density,Day Type
0 days 00:00:00,A,32.47143675,Low Risk,0 days 00:00:00,0,0,Sparse,Weekday
0 days 00:00:00,B,21,Low Risk,0 days 00:00:00,0,0,Sparse,Weekday
0 days 00:00:00,C,27,Low Risk,0 days 00:00:00,0,0,Sparse,Weekday
0 days 00:05:00,A,35.42338555,Low Risk,0 days 00:05:00,0,0,Sparse,Weekday
0 days 00:05:00,B,24,Low Risk,0 days 00:05:00,0,0,Sparse,Weekday
0 days 00:05:00,C,32,Low Risk,0 days 00:05:00,0,0,Sparse,Weekend
0 days 00:10:00,A,66.41884791,Medium Risk,0 days 00:10:00,0,0,Moderate,Weekend
0 days 00:10:00,B,53,Medium Risk,0 days 00:10:00,0,0,Moderate,Weekday
0 days 00:10:00,C,85,Medium Risk,0 days 00:10:00,0,0,Moderate,Weekday
0 days 00:15:00,A,48.70715513,Low Risk,0 days 00:15:00,0,0,Sparse,Weekday
0 days 00:15:00,B,36,Low Risk,0 days 00:15:00,0,0,Sparse,Weekday
0 days 00:15:00,C,53,Medium Risk,0 days 00:15:00,0,0,Moderate,Weekday
0 days 00:20:00,A,11.80779518,Low Risk,0 days 00:20:00,0,0,Sparse,Weekend
0 days 00:20:00,B,7,Low Risk,0 days 00:20:00,0,0,Sparse,Weekend
0 days 00:20:00,C,8,Low Risk,0 days 00:20:00,0,0,Sparse,Weekday
0 days 00:25:00,A,33.94741115,Low Risk,0 days 00:25:00,0,0,Sparse,Weekday
0 days 00:25:00,B,19,Low Risk,0 days 00:25:00,0,0,Sparse,Weekday
0 days 00:25:00,C,24,Low Risk,0 days 00:25:00,0,0,Sparse,Weekday
0 days 00:30:00,A,22.13961597,Low Risk,0 days 00:30:00,0,0,Sparse,Weekday
0 days 00:30:00,B,15,Low Risk,0 days 00:30:00,0,0,Sparse,Weekend
0 days 00:30:00,C,21,Low Risk,0 days 00:30:00,0,0,Sparse,Weekend
0 days 00:35:00,A,25.09156476,Low Risk,0 days 00:35:00,0,0,Sparse,Weekday
0 days 00:35:00,B,14,Low Risk,0 days 00:35:00,0,0,Sparse,Weekday
0 days 00:35:00,C,25,Low Risk,0 days 00:35:00,0,0,Sparse,Weekday
0 days 00:40:00,A,41.32728314,Low Risk,0 days 00:40:00,0,0,Sparse,Weekday
0 days 00:40:00,B,35,Low Risk,0 days 00:40:00,0,0,Sparse,Weekday
0 days 00:40:00,C,43,Low Risk,0 days 00:40:00,0,0,Sparse,Weekend
0 days 00:45:00,A,25.09156476,Low Risk,0 days 00:45:00,0,0,Sparse,Weekend
0 days 00:45:00,B,16,Low Risk,0 days 00:45:00,0,0,Sparse,Weekday
0 days 00:45:00,C,30,Low Risk,0 days 00:45:00,0,0,Sparse,Weekday
0 days 00:50:00,A,22.13961597,Low Risk,0 days 00:50:00,0,0,Sparse,Weekday
0 days 00:50:00,B,14,Low Risk,0 days 00:50:00,0,0,Sparse,Weekday
0 days 00:50:00,C,23,Low Risk,0 days 00:50:00,0,0,Sparse,Weekday
0 days 00:55:00,A,51.65910393,Medium Risk,0 days 00:55:00,0,0,Moderate,Weekend
0 days 00:55:00,B,34,Low Risk,0 days 00:55:00,0,0,Sparse,Weekend
0 days 00:55:00,C,38,Low Risk,0 days 00:55:00,0,0,Sparse,Weekday
0 days 01:00:00,A,60.51495032,Medium Risk,0 days 01:00:00,1,1,Moderate,Weekday
0 days 01:00:00,B,49,Low Risk,0 days 01:00:00,1,1,Sparse,Weekend
0 days 01:00:00,C,67,Medium Risk,0 days 01:00:00,1,1,Moderate,Weekend
0 days 01:05:00,A,64.94287351,Medium Risk,0 days 01:05:00,1,1,Moderate,Weekday
0 days 01:05:00,B,33,Low Risk,0 days 01:05:00,1,1,Sparse,Weekday
0 days 01:05:00,C,55,Medium Risk,0 days 01:05:00,1,1,Moderate,Weekday
0 days 01:10:00,A,44.27923194,Low Risk,0 days 01:10:00,1,1,Sparse,Weekday
0 days 01:10:00,B,28,Low Risk,0 days 01:10:00,1,1,Sparse,Weekday
0 days 01:10:00,C,42,Low Risk,0 days 01:10:00,1,1,Sparse,Weekend
0 days 01:15:00,A,76.75066869,Medium Risk,0 days 01:15:00,1,1,Moderate,Weekend
0 days 01:15:00,B,53,Medium Risk,0 days 01:15:00,1,1,Moderate,Weekday
0 days 01:15:00,C,76,Medium Risk,0 days 01:15:00,1,1,Moderate,Weekday
0 days 01:20:00,A,44.27923194,Low Risk,0 days 01:20:00,1,1,Sparse,Weekday
0 days 01:20:00,B,30,Low Risk,0 days 01:20:00,1,1,Sparse,Weekday
0 days 01:20:00,C,44,Low Risk,0 days 01:20:00,1,1,Sparse,Weekday
0 days 01:25:00,A,30.99546236,Low Risk,0 days 01:25:00,1,1,Sparse,Weekend
0 days 01:25:00,B,14,Low Risk,0 days 01:25:00,1,1,Sparse,Weekend
0 days 01:25:00,C,27,Low Risk,0 days 01:25:00,1,1,Sparse,Weekday
0 days 01:30:00,A,13.28376958,Low Risk,0 days 01:30:00,1,1,Sparse,Weekday
0 days 01:30:00,B,8,Low Risk,0 days 01:30:00,1,1,Sparse,Weekday
0 days 01:30:00,C,11,Low Risk,0 days 01:30:00,1,1,Sparse,Weekday
0 days 01:35:00,A,50.18312953,Medium Risk,0 days 01:35:00,1,1,Moderate,Weekday
0 days 01:35:00,B,31,Low Risk,0 days 01:35:00,1,1,Sparse,Weekend
0 days 01:35:00,C,41,Low Risk,0 days 01:35:00,1,1,Sparse,Weekend
0 days 01:40:00,A,10.33182079,Low Risk,0 days 01:40:00,1,1,Sparse,Weekday
0 days 01:40:00,B,10,Low Risk,0 days 01:40:00,1,1,Sparse,Weekday
0 days 01:40:00,C,14,Low Risk,0 days 01:40:00,1,1,Sparse,Weekday
0 days 01:45:00,A,59.03897592,Medium Risk,0 days 01:45:00,1,1,Moderate,Weekday
0 days 01:45:00,B,48,Low Risk,0 days 01:45:00,1,1,Sparse,Weekday
0 days 01:45:00,C,75,Medium Risk,0 days 01:45:00,1,1,Moderate,Weekend
0 days 01:50:00,A,53.13507833,Medium Risk,0 days 01:50:00,1,1,Moderate,Weekend
0 days 01:50:00,B,39,Low Risk,0 days 01:50:00,1,1,Sparse,Weekday
0 days 01:50:00,C,65,Medium Risk,0 days 01:50:00,1,1,Moderate,Weekday
0 days 01:55:00,A,51.65910393,Medium Risk,0 days 01:55:00,1,1,Moderate,Weekday
0 days 01:55:00,B,42,Low Risk,0 days 01:55:00,1,1,Sparse,Weekday
0 days 01:55:00,C,50,Medium Risk,0 days 01:55:00,1,1,Moderate,Weekday
0 days 02:00:00,A,29.51948796,Low Risk,0 days 02:00:00,2,2,Sparse,Weekday
0 days 02:00:00,B,19,Low Risk,0 days 02:00:00,2,2,Sparse,Weekday
0 days 02:00:00,C,28,Low Risk,0 days 02:00:00,2,2,Sparse,Weekday
0 days 02:05:00,A,36.89935995,Low Risk,0 days 02:05:00,2,2,Sparse,Weekend
0 days 02:05:00,B,31,Low Risk,0 days 02:05:00,2,2,Sparse,Weekend
0 days 02:05:00,C,48,Low Risk,0 days 02:05:00,2,2,Sparse,Weekday
0 days 02:10:00,A,53.13507833,Medium Risk,0 days 02:10:00,2,2,Moderate,Weekday
0 days 02:10:00,B,36,Low Risk,0 days 02:10:00,2,2,Sparse,Weekday
0 days 02:10:00,C,59,Medium Risk,0 days 02:10:00,2,2,Moderate,Weekday
0 days 02:15:00,A,125.4578238,Medium Risk,0 days 02:15:00,2,2,Moderate,Weekday
0 days 02:15:00,B,83,Medium Risk,0 days 02:15:00,2,2,Moderate,Weekend
0 days 02:15:00,C,170,High Risk,0 days 02:15:00,2,2,Dense,Weekend
0 days 02:20:00,A,48.70715513,Low Risk,0 days 02:20:00,2,2,Sparse,Weekday
0 days 02:20:00,B,46,Low Risk,0 days 02:20:00,2,2,Sparse,Weekday
0 days 02:20:00,C,52,Medium Risk,0 days 02:20:00,2,2,Moderate,Weekday
0 days 02:25:00,A,69.3707967,Medium Risk,0 days 02:25:00,2,2,Moderate,Weekday
0 days 02:25:00,B,43,Low Risk,0 days 02:25:00,2,2,Sparse,Weekday
0 days 02:25:00,C,89,Medium Risk,0 days 02:25:00,2,2,Moderate,Weekend
0 days 02:30:00,A,47.23118073,Low Risk,0 days 02:30:00,2,2,Sparse,Weekend
0 days 02:30:00,B,29,Low Risk,0 days 02:30:00,2,2,Sparse,Weekday
0 days 02:30:00,C,41,Low Risk,0 days 02:30:00,2,2,Sparse,Weekday
0 days 02:35:00,A,29.51948796,Low Risk,0 days 02:35:00,2,2,Sparse,Weekday
0 days 02:35:00,B,19,Low Risk,0 days 02:35:00,2,2,Sparse,Weekday
0 days 02:35:00,C,26,Low Risk,0 days 02:35:00,2,2,Sparse,Weekday
0 days 02:40:00,A,70.8467711,Medium Risk,0 days 02:40:00,2,2,Moderate,Weekend
0 days 02:40:00,B,53,Medium Risk,0 days 02:40:00,2,2,Moderate,Weekend
0 days 02:40:00,C,103,Medium Risk,0 days 02:40:00,2,2,Moderate,Weekday
0 days 02:45:00,A,11.80779518,Low Risk,0 days 02:45:00,2,2,Sparse,Weekday
0 days 02:45:00,B,10,Low Risk,0 days 02:45:00,2,2,Sparse,Weekday
0 days 02:45:00,C,14,Low Risk,0 days 02:45:00,2,2,Sparse,Weekday
0 days 02:50:00,A,64.94287351,Medium Risk,0 days 02:50:00,2,2,Moderate,Weekday
0 days 02:50:00,B,44,Low Risk,0 days 02:50:00,2,2,Sparse,Weekend
0 days 02:50:00,C,67,Medium Risk,0 days 02:50:00,2,2,Moderate,Weekend
0 days 02:55:00,A,41.32728314,Low Risk,0 days 02:55:00,2,2,Sparse,Weekday
0 days 02:55:00,B,36,Low Risk,0 days 02:55:00,2,2,Sparse,Weekday
0 days 02:55:00,C,46,Low Risk,0 days 02:55:00,2,2,Sparse,Weekday
0 days 03:00:00,A,20.66364157,Low Risk,0 days 03:00:00,3,3,Sparse,Weekday
0 days 03:00:00,B,14,Low Risk,0 days 03:00:00,3,3,Sparse,Weekday
0 days 03:00:00,C,30,Low Risk,0 days 03:00:00,3,3,Sparse,Weekend
0 days 03:05:00,A,100.3662591,Medium Risk,0 days 03:05:00,3,3,Moderate,Weekend
0 days 03:05:00,B,74,Medium Risk,0 days 03:05:00,3,3,Moderate,Weekday
0 days 03:05:00,C,130,Medium Risk,0 days 03:05:00,3,3,Moderate,Weekday
0 days 03:10:00,A,197.7805693,High Risk,0 days 03:10:00,3,3,Dense,Weekday
0 days 03:10:00,B,118,Medium Risk,0 days 03:10:00,3,3,Moderate,Weekday
0 days 03:10:00,C,158,High Risk,0 days 03:10:00,3,3,Dense,Weekday
0 days 03:15:00,A,67.8948223,Medium Risk,0 days 03:15:00,3,3,Moderate,Weekend
0 days 03:15:00,B,63,Medium Risk,0 days 03:15:00,3,3,Moderate,Weekend
0 days 03:15:00,C,93,Medium Risk,0 days 03:15:00,3,3,Moderate,Weekday
0 days 03:20:00,A,17.71169278,Low Risk,0 days 03:20:00,3,3,Sparse,Weekday
0 days 03:20:00,B,8,Low Risk,0 days 03:20:00,3,3,Sparse,Weekday
0 days 03:20:00,C,18,Low Risk,0 days 03:20:00,3,3,Sparse,Weekday
0 days 03:25:00,A,87.08248948,Medium Risk,0 days 03:25:00,3,3,Moderate,Weekday
0 days 03:25:00,B,59,Medium Risk,0 days 03:25:00,3,3,Moderate,Weekend
0 days 03:25:00,C,61,Medium Risk,0 days 03:25:00,3,3,Moderate,Weekend
0 days 03:30:00,A,14.75974398,Low Risk,0 days 03:30:00,3,3,Sparse,Weekday
0 days 03:30:00,B,9,Low Risk,0 days 03:30:00,3,3,Sparse,Weekday
0 days 03:30:00,C,14,Low Risk,0 days 03:30:00,3,3,Sparse,Weekday
0 days 03:35:00,A,193.3526461,High Risk,0 days 03:35:00,3,3,Dense,Weekday
0 days 03:35:00,B,134,Medium Risk,0 days 03:35:00,3,3,Moderate,Weekday
0 days 03:35:00,C,177,High Risk,0 days 03:35:00,3,3,Dense,Weekend
0 days 03:40:00,A,25.09156476,Low Risk,0 days 03:40:00,3,3,Sparse,Weekend
0 days 03:40:00,B,15,Low Risk,0 days 03:40:00,3,3,Sparse,Weekday
0 days 03:40:00,C,19,Low Risk,0 days 03:40:00,3,3,Sparse,Weekday
0 days 03:45:00,A,50.18312953,Medium Risk,0 days 03:45:00,3,3,Moderate,Weekday
0 days 03:45:00,B,34,Low Risk,0 days 03:45:00,3,3,Sparse,Weekday
0 days 03:45:00,C,51,Medium Risk,0 days 03:45:00,3,3,Moderate,Weekday
0 days 03:50:00,A,11.80779518,Low Risk,0 days 03:50:00,3,3,Sparse,Weekend
0 days 03:50:00,B,7,Low Risk,0 days 03:50:00,3,3,Sparse,Weekend
0 days 03:50:00,C,9,Low Risk,0 days 03:50:00,3,3,Sparse,Weekday
0 days 03:55:00,A,227.3000573,High Risk,0 days 03:55:00,3,3,Dense,Weekday
0 days 03:55:00,B,160,High Risk,0 days 03:55:00,3,3,Dense,Weekday
0 days 03:55:00,C,332,Critical Risk,0 days 03:55:00,3,3,Dense,Weekday
0 days 04:00:00,A,199.2565437,High Risk,0 days 04:00:00,4,4,Dense,Weekday
0 days 04:00:00,B,91,Medium Risk,0 days 04:00:00,4,4,Moderate,Weekend
0 days 04:00:00,C,183,High Risk,0 days 04:00:00,4,4,Dense,Weekend
0 days 04:05:00,A,273.0552636,High Risk,0 days 04:05:00,4,4,Dense,Weekday
0 days 04:05:00,B,188,High Risk,0 days 04:05:00,4,4,Dense,Weekday
0 days 04:05:00,C,255,High Risk,0 days 04:05:00,4,4,Dense,Weekday
0 days 04:10:00,A,39.85130874,Low Risk,0 days 04:10:00,4,4,Sparse,Weekday
0 days 04:10:00,B,28,Low Risk,0 days 04:10:00,4,4,Sparse,Weekday
0 days 04:10:00,C,39,Low Risk,0 days 04:10:00,4,4,Sparse,Weekend
0 days 04:15:00,A,44.27923194,Low Risk,0 days 04:15:00,4,4,Sparse,Weekend
0 days 04:15:00,B,26,Low Risk,0 days 04:15:00,4,4,Sparse,Weekday
0 days 04:15:00,C,33,Low Risk,0 days 04:15:00,4,4,Sparse,Weekday
0 days 04:20:00,A,150.5493886,High Risk,0 days 04:20:00,4,4,Dense,Weekday
0 days 04:20:00,B,95,Medium Risk,0 days 04:20:00,4,4,Moderate,Weekday
0 days 04:20:00,C,146,Medium Risk,0 days 04:20:00,4,4,Moderate,Weekday
0 days 04:25:00,A,50.18312953,Medium Risk,0 days 04:25:00,4,4,Moderate,Weekend
0 days 04:25:00,B,36,Low Risk,0 days 04:25:00,4,4,Sparse,Weekend
0 days 04:25:00,C,50,Medium Risk,0 days 04:25:00,4,4,Moderate,Weekday
0 days 04:30:00,A,141.6935422,Medium Risk,0 days 04:30:00,4,4,Moderate,Weekday
0 days 04:30:00,B,82,Medium Risk,0 days 04:30:00,4,4,Moderate,Weekday
0 days 04:30:00,C,170,High Risk,0 days 04:30:00,4,4,Dense,Weekday
0 days 04:35:00,A,13.28376958,Low Risk,0 days 04:35:00,4,4,Sparse,Weekday
0 days 04:35:00,B,11,Low Risk,0 days 04:35:00,4,4,Sparse,Weekend
0 days 04:35:00,C,16,Low Risk,0 days 04:35:00,4,4,Sparse,Weekend
0 days 04:40:00,A,26.56753916,Low Risk,0 days 04:40:00,4,4,Sparse,Weekday
0 days 04:40:00,B,18,Low Risk,0 days 04:40:00,4,4,Sparse,Weekday
0 days 04:40:00,C,29,Low Risk,0 days 04:40:00,4,4,Sparse,Weekday
0 days 04:45:00,A,14.75974398,Low Risk,0 days 04:45:00,4,4,Sparse,Weekday
0 days 04:45:00,B,10,Low Risk,0 days 04:45:00,4,4,Sparse,Weekday
0 days 04:45:00,C,14,Low Risk,0 days 04:45:00,4,4,Sparse,Weekend
0 days 04:50:00,A,147.5974398,Medium Risk,0 days 04:50:00,4,4,Moderate,Weekend
0 days 04:50:00,B,113,Medium Risk,0 days 04:50:00,4,4,Moderate,Weekday
0 days 04:50:00,C,160,High Risk,0 days 04:50:00,4,4,Dense,Weekday
0 days 04:55:00,A,17.71169278,Low Risk,0 days 04:55:00,4,4,Sparse,Weekday
0 days 04:55:00,B,11,Low Risk,0 days 04:55:00,4,4,Sparse,Weekday
0 days 04:55:00,C,18,Low Risk,0 days 04:55:00,4,4,Sparse,Weekday
0 days 05:00:00,A,7.37987199,Low Risk,0 days 05:00:00,5,5,Sparse,Weekend
0 days 05:00:00,B,5,Low Risk,0 days 05:00:00,5,5,Sparse,Weekend
0 days 05:00:00,C,8,Low Risk,0 days 05:00:00,5,5,Sparse,Weekday
0 days 05:05:00,A,14.75974398,Low Risk,0 days 05:05:00,5,5,Sparse,Weekday
0 days 05:05:00,B,10,Low Risk,0 days 05:05:00,5,5,Sparse,Weekday
0 days 05:05:00,C,15,Low Risk,0 days 05:05:00,5,5,Sparse,Weekday
0 days 05:10:00,A,53.13507833,Medium Risk,0 days 05:10:00,5,5,Moderate,Weekday
0 days 05:10:00,B,37,Low Risk,0 days 05:10:00,5,5,Sparse,Weekend
0 days 05:10:00,C,52,Medium Risk,0 days 05:10:00,5,5,Moderate,Weekend
0 days 05:15:00,A,38.37533435,Low Risk,0 days 05:15:00,5,5,Sparse,Weekday
0 days 05:15:00,B,25,Low Risk,0 days 05:15:00,5,5,Sparse,Weekday
0 days 05:15:00,C,35,Low Risk,0 days 05:15:00,5,5,Sparse,Weekday
0 days 05:20:00,A,33.94741115,Low Risk,0 days 05:20:00,5,5,Sparse,Weekday
0 days 05:20:00,B,24,Low Risk,0 days 05:20:00,5,5,Sparse,Weekday
0 days 05:20:00,C,40,Low Risk,0 days 05:20:00,5,5,Sparse,Weekend
0 days 05:25:00,A,51.65910393,Medium Risk,0 days 05:25:00,5,5,Moderate,Weekend
0 days 05:25:00,B,40,Low Risk,0 days 05:25:00,5,5,Sparse,Weekday
0 days 05:25:00,C,72,Medium Risk,0 days 05:25:00,5,5,Moderate,Weekday
0 days 05:30:00,A,63.46689911,Medium Risk,0 days 05:30:00,5,5,Moderate,Weekday
0 days 05:30:00,B,31,Low Risk,0 days 05:30:00,5,5,Sparse,Weekday
0 days 05:30:00,C,66,Medium Risk,0 days 05:30:00,5,5,Moderate,Weekday
0 days 05:35:00,A,10.33182079,Low Risk,0 days 05:35:00,5,5,Sparse,Weekend
0 days 05:35:00,B,7,Low Risk,0 days 05:35:00,5,5,Sparse,Weekend
0 days 05:35:00,C,9,Low Risk,0 days 05:35:00,5,5,Sparse,Weekday
0 days 05:40:00,A,67.8948223,Medium Risk,0 days 05:40:00,5,5,Moderate,Weekday
0 days 05:40:00,B,61,Medium Risk,0 days 05:40:00,5,5,Moderate,Weekday
0 days 05:40:00,C,95,Medium Risk,0 days 05:40:00,5,5,Moderate,Weekday
0 days 05:45:00,A,59.03897592,Medium Risk,0 days 05:45:00,5,5,Moderate,Weekday
0 days 05:45:00,B,44,Low Risk,0 days 05:45:00,5,5,Sparse,Weekend
0 days 05:45:00,C,68,Medium Risk,0 days 05:45:00,5,5,Moderate,Weekend
0 days 05:50:00,A,51.65910393,Medium Risk,0 days 05:50:00,5,5,Moderate,Weekday
0 days 05:50:00,B,31,Low Risk,0 days 05:50:00,5,5,Sparse,Weekday
0 days 05:50:00,C,41,Low Risk,0 days 05:50:00,5,5,Sparse,Weekday
0 days 05:55:00,A,54.61105272,Medium Risk,0 days 05:55:00,5,5,Moderate,Weekday
0 days 05:55:00,B,34,Low Risk,0 days 05:55:00,5,5,Sparse,Weekday
0 days 05:55:00,C,49,Low Risk,0 days 05:55:00,5,5,Sparse,Weekend
0 days 06:00:00,A,79.70261749,Medium Risk,0 days 06:00:00,6,6,Moderate,Weekend
0 days 06:00:00,B,40,Low Risk,0 days 06:00:00,6,6,Sparse,Weekday
0 days 06:00:00,C,76,Medium Risk,0 days 06:00:00,6,6,Moderate,Weekday
0 days 06:05:00,A,48.70715513,Low Risk,0 days 06:05:00,6,6,Sparse,Weekday
0 days 06:05:00,B,32,Low Risk,0 days 06:05:00,6,6,Sparse,Weekday
0 days 06:05:00,C,47,Low Risk,0 days 06:05:00,6,6,Sparse,Weekday
0 days 06:10:00,A,63.46689911,Medium Risk,0 days 06:10:00,6,6,Moderate,Weekend
0 days 06:10:00,B,48,Low Risk,0 days 06:10:00,6,6,Sparse,Weekend
0 days 06:10:00,C,85,Medium Risk,0 days 06:10:00,6,6,Moderate,Weekday
0 days 06:15:00,A,59.03897592,Medium Risk,0 days 06:15:00,6,6,Moderate,Weekday
0 days 06:15:00,B,31,Low Risk,0 days 06:15:00,6,6,Sparse,Weekday
0 days 06:15:00,C,54,Medium Risk,0 days 06:15:00,6,6,Moderate,Weekday
0 days 06:20:00,A,23.61559037,Low Risk,0 days 06:20:00,6,6,Sparse,Weekday
0 days 06:20:00,B,13,Low Risk,0 days 06:20:00,6,6,Sparse,Weekend
0 days 06:20:00,C,26,Low Risk,0 days 06:20:00,6,6,Sparse,Weekend
0 days 06:25:00,A,17.71169278,Low Risk,0 days 06:25:00,6,6,Sparse,Weekday
0 days 06:25:00,B,12,Low Risk,0 days 06:25:00,6,6,Sparse,Weekday
0 days 06:25:00,C,20,Low Risk,0 days 06:25:00,6,6,Sparse,Weekday
0 days 06:30:00,A,42.80325754,Low Risk,0 days 06:30:00,6,6,Sparse,Weekday
0 days 06:30:00,B,21,Low Risk,0 days 06:30:00,6,6,Sparse,Weekday
0 days 06:30:00,C,46,Low Risk,0 days 06:30:00,6,6,Sparse,Weekend
0 days 06:35:00,A,69.3707967,Medium Risk,0 days 06:35:00,6,6,Moderate,Weekend
0 days 06:35:00,B,36,Low Risk,0 days 06:35:00,6,6,Sparse,Weekday
0 days 06:35:00,C,59,Medium Risk,0 days 06:35:00,6,6,Moderate,Weekday
0 days 06:40:00,A,20.66364157,Low Risk,0 days 06:40:00,6,6,Sparse,Weekday
0 days 06:40:00,B,10,Low Risk,0 days 06:40:00,6,6,Sparse,Weekday
0 days 06:40:00,C,19,Low Risk,0 days 06:40:00,6,6,Sparse,Weekday
0 days 06:45:00,A,50.18312953,Medium Risk,0 days 06:45:00,6,6,Moderate,Weekend
0 days 06:45:00,B,34,Low Risk,0 days 06:45:00,6,6,Sparse,Weekend
0 days 06:45:00,C,43,Low Risk,0 days 06:45:00,6,6,Sparse,Weekday
0 days 06:50:00,A,54.61105272,Medium Risk,0 days 06:50:00,6,6,Moderate,Weekday
0 days 06:50:00,B,48,Low Risk,0 days 06:50:00,6,6,Sparse,Weekday
0 days 06:50:00,C,75,Medium Risk,0 days 06:50:00,6,6,Moderate,Weekday
0 days 06:55:00,A,84.13054068,Medium Risk,0 days 06:55:00,6,6,Moderate,Weekday
0 days 06:55:00,B,58,Medium Risk,0 days 06:55:00,6,6,Moderate,Weekend
0 days 06:55:00,C,70,Medium Risk,0 days 06:55:00,6,6,Moderate,Weekend
0 days 07:00:00,A,160.8812094,High Risk,0 days 07:00:00,7,7,Dense,Weekday
0 days 07:00:00,B,128,Medium Risk,0 days 07:00:00,7,7,Moderate,Weekday
0 days 07:00:00,C,165,High Risk,0 days 07:00:00,7,7,Dense,Weekday
0 days 07:05:00,A,29.51948796,Low Risk,0 days 07:05:00,7,7,Sparse,Weekday
0 days 07:05:00,B,17,Low Risk,0 days 07:05:00,7,7,Sparse,Weekday
0 days 07:05:00,C,31,Low Risk,0 days 07:05:00,7,7,Sparse,Weekend
0 days 07:10:00,A,178.5929021,High Risk,0 days 07:10:00,7,7,Dense,Weekend
0 days 07:10:00,B,111,Medium Risk,0 days 07:10:00,7,7,Moderate,Weekday
0 days 07:10:00,C,176,High Risk,0 days 07:10:00,7,7,Dense,Weekday
0 days 07:15:00,A,38.37533435,Low Risk,0 days 07:15:00,7,7,Sparse,Weekday
0 days 07:15:00,B,22,Low Risk,0 days 07:15:00,7,7,Sparse,Weekday
0 days 07:15:00,C,39,Low Risk,0 days 07:15:00,7,7,Sparse,Weekday
0 days 07:20:00,A,67.8948223,Medium Risk,0 days 07:20:00,7,7,Moderate,Weekend
0 days 07:20:00,B,35,Low Risk,0 days 07:20:00,7,7,Sparse,Weekend
0 days 07:20:00,C,49,Low Risk,0 days 07:20:00,7,7,Sparse,Weekday
0 days 07:25:00,A,35.42338555,Low Risk,0 days 07:25:00,7,7,Sparse,Weekday
0 days 07:25:00,B,28,Low Risk,0 days 07:25:00,7,7,Sparse,Weekday
0 days 07:25:00,C,43,Low Risk,0 days 07:25:00,7,7,Sparse,Weekday
0 days 07:30:00,A,17.71169278,Low Risk,0 days 07:30:00,7,7,Sparse,Weekday
0 days 07:30:00,B,11,Low Risk,0 days 07:30:00,7,7,Sparse,Weekend
0 days 07:30:00,C,14,Low Risk,0 days 07:30:00,7,7,Sparse,Weekend
0 days 07:35:00,A,47.23118073,Low Risk,0 days 07:35:00,7,7,Sparse,Weekday
0 days 07:35:00,B,34,Low Risk,0 days 07:35:00,7,7,Sparse,Weekday
0 days 07:35:00,C,44,Low Risk,0 days 07:35:00,7,7,Sparse,Weekday
0 days 07:40:00,A,38.37533435,Low Risk,0 days 07:40:00,7,7,Sparse,Weekday
0 days 07:40:00,B,26,Low Risk,0 days 07:40:00,7,7,Sparse,Weekday
0 days 07:40:00,C,44,Low Risk,0 days 07:40:00,7,7,Sparse,Weekend
0 days 07:45:00,A,73.7987199,Medium Risk,0 days 07:45:00,7,7,Moderate,Weekend
0 days 07:45:00,B,43,Low Risk,0 days 07:45:00,7,7,Sparse,Weekday
0 days 07:45:00,C,58,Medium Risk,0 days 07:45:00,7,7,Moderate,Weekday
0 days 07:50:00,A,32.47143675,Low Risk,0 days 07:50:00,7,7,Sparse,Weekday
0 days 07:50:00,B,23,Low Risk,0 days 07:50:00,7,7,Sparse,Weekday
0 days 07:50:00,C,43,Low Risk,0 days 07:50:00,7,7,Sparse,Weekday
0 days 07:55:00,A,20.66364157,Low Risk,0 days 07:55:00,7,7,Sparse,Weekend
0 days 07:55:00,B,11,Low Risk,0 days 07:55:00,7,7,Sparse,Weekend
0 days 07:55:00,C,19,Low Risk,0 days 07:55:00,7,7,Sparse,Weekday
0 days 08:00:00,A,97.41431026,Medium Risk,0 days 08:00:00,8,8,Moderate,Weekday
0 days 08:00:00,B,71,Medium Risk,0 days 08:00:00,8,8,Moderate,Weekday
0 days 08:00:00,C,97,Medium Risk,0 days 08:00:00,8,8,Moderate,Weekday
0 days 08:05:00,A,25.09156476,Low Risk,0 days 08:05:00,8,8,Sparse,Weekday
0 days 08:05:00,B,15,Low Risk,0 days 08:05:00,8,8,Sparse,Weekend
0 days 08:05:00,C,20,Low Risk,0 days 08:05:00,8,8,Sparse,Weekend
0 days 08:10:00,A,17.71169278,Low Risk,0 days 08:10:00,8,8,Sparse,Weekday
0 days 08:10:00,B,17,Low Risk,0 days 08:10:00,8,8,Sparse,Weekday
0 days 08:10:00,C,17,Low Risk,0 days 08:10:00,8,8,Sparse,Weekday
0 days 08:15:00,A,16.23571838,Low Risk,0 days 08:15:00,8,8,Sparse,Weekday
0 days 08:15:00,B,12,Low Risk,0 days 08:15:00,8,8,Sparse,Weekday
0 days 08:15:00,C,18,Low Risk,0 days 08:15:00,8,8,Sparse,Weekend
0 days 08:20:00,A,150.5493886,High Risk,0 days 08:20:00,8,8,Dense,Weekend
0 days 08:20:00,B,104,Medium Risk,0 days 08:20:00,8,8,Moderate,Weekday
0 days 08:20:00,C,153,High Risk,0 days 08:20:00,8,8,Dense,Weekday
0 days 08:25:00,A,87.08248948,Medium Risk,0 days 08:25:00,8,8,Moderate,Weekday
0 days 08:25:00,B,42,Low Risk,0 days 08:25:00,8,8,Sparse,Weekday
0 days 08:25:00,C,71,Medium Risk,0 days 08:25:00,8,8,Moderate,Weekday
0 days 08:30:00,A,50.18312953,Medium Risk,0 days 08:30:00,8,8,Moderate,Weekend
0 days 08:30:00,B,32,Low Risk,0 days 08:30:00,8,8,Sparse,Weekend
0 days 08:30:00,C,49,Low Risk,0 days 08:30:00,8,8,Sparse,Weekday
0 days 08:35:00,A,47.23118073,Low Risk,0 days 08:35:00,8,8,Sparse,Weekday
0 days 08:35:00,B,34,Low Risk,0 days 08:35:00,8,8,Sparse,Weekday
0 days 08:35:00,C,52,Medium Risk,0 days 08:35:00,8,8,Moderate,Weekday
0 days 08:40:00,A,14.75974398,Low Risk,0 days 08:40:00,8,8,Sparse,Weekday
0 days 08:40:00,B,10,Low Risk,0 days 08:40:00,8,8,Sparse,Weekend
0 days 08:40:00,C,12,Low Risk,0 days 08:40:00,8,8,Sparse,Weekend
0 days 08:45:00,A,131.3617214,Medium Risk,0 days 08:45:00,8,8,Moderate,Weekday
0 days 08:45:00,B,99,Medium Risk,0 days 08:45:00,8,8,Moderate,Weekday
0 days 08:45:00,C,138,Medium Risk,0 days 08:45:00,8,8,Moderate,Weekday
0 days 08:50:00,A,57.56300152,Medium Risk,0 days 08:50:00,8,8,Moderate,Weekday
0 days 08:50:00,B,39,Low Risk,0 days 08:50:00,8,8,Sparse,Weekday
0 days 08:50:00,C,57,Medium Risk,0 days 08:50:00,8,8,Moderate,Weekend
0 days 08:55:00,A,112.1740542,Medium Risk,0 days 08:55:00,8,8,Moderate,Weekend
0 days 08:55:00,B,90,Medium Risk,0 days 08:55:00,8,8,Moderate,Weekday
0 days 08:55:00,C,147,Medium Risk,0 days 08:55:00,8,8,Moderate,Weekday
0 days 09:00:00,A,1393.319832,Critical Risk,0 days 09:00:00,9,9,Dense,Weekday
0 days 09:00:00,B,639,Critical Risk,0 days 09:00:00,9,9,Dense,Weekday
0 days 09:00:00,C,1059,Critical Risk,0 days 09:00:00,9,9,Dense,Weekday
0 days 09:05:00,A,580.0579384,Critical Risk,0 days 09:05:00,9,9,Dense,Weekend
0 days 09:05:00,B,573,Critical Risk,0 days 09:05:00,9,9,Dense,Weekend
0 days 09:05:00,C,890,Critical Risk,0 days 09:05:00,9,9,Dense,Weekday
0 days 09:10:00,A,835.4015092,Critical Risk,0 days 09:10:00,9,9,Dense,Weekday
0 days 09:10:00,B,748,Critical Risk,0 days 09:10:00,9,9,Dense,Weekday
0 days 09:10:00,C,1168,Critical Risk,0 days 09:10:00,9,9,Dense,Weekday
0 days 09:15:00,A,1260.482136,Critical Risk,0 days 09:15:00,9,9,Dense,Weekday
0 days 09:15:00,B,426,Critical Risk,0 days 09:15:00,9,9,Dense,Weekend
0 days 09:15:00,C,1026,Critical Risk,0 days 09:15:00,9,9,Dense,Weekend
0 days 09:20:00,A,814.7378677,Critical Risk,0 days 09:20:00,9,9,Dense,Weekday
0 days 09:20:00,B,476,Critical Risk,0 days 09:20:00,9,9,Dense,Weekday
0 days 09:20:00,C,806,Critical Risk,0 days 09:20:00,9,9,Dense,Weekday
0 days 09:25:00,A,3313.562523,Critical Risk,0 days 09:25:00,9,9,Dense,Weekday
0 days 09:25:00,B,664,Critical Risk,0 days 09:25:00,9,9,Dense,Weekday
0 days 09:25:00,C,1596,Critical Risk,0 days 09:25:00,9,9,Dense,Weekend
0 days 09:30:00,A,794.0742261,Critical Risk,0 days 09:30:00,9,9,Dense,Weekend
0 days 09:30:00,B,356,Critical Risk,0 days 09:30:00,9,9,Dense,Weekday
0 days 09:30:00,C,1299,Critical Risk,0 days 09:30:00,9,9,Dense,Weekday
0 days 09:35:00,A,1406.603601,Critical Risk,0 days 09:35:00,9,9,Dense,Weekday
0 days 09:35:00,B,693,Critical Risk,0 days 09:35:00,9,9,Dense,Weekday
0 days 09:35:00,C,1376,Critical Risk,0 days 09:35:00,9,9,Dense,Weekday
0 days 09:40:00,A,326.1903419,Critical Risk,0 days 09:40:00,9,9,Dense,Weekend
0 days 09:40:00,B,164,High Risk,0 days 09:40:00,9,9,Dense,Weekend
0 days 09:40:00,C,383,Critical Risk,0 days 09:40:00,9,9,Dense,Weekday
0 days 09:45:00,A,131.3617214,Medium Risk,0 days 09:45:00,9,9,Moderate,Weekday
0 days 09:45:00,B,99,Medium Risk,0 days 09:45:00,9,9,Moderate,Weekday
0 days 09:45:00,C,252,High Risk,0 days 09:45:00,9,9,Dense,Weekday
0 days 09:50:00,A,247.9636989,High Risk,0 days 09:50:00,9,9,Dense,Weekday
0 days 09:50:00,B,197,High Risk,0 days 09:50:00,9,9,Dense,Weekend
0 days 09:50:00,C,154,High Risk,0 days 09:50:00,9,9,Dense,Weekend
0 days 09:55:00,A,160.8812094,High Risk,0 days 09:55:00,9,9,Dense,Weekday
0 days 09:55:00,B,167,High Risk,0 days 09:55:00,9,9,Dense,Weekday
0 days 09:55:00,C,229,High Risk,0 days 09:55:00,9,9,Dense,Weekday
0 days 10:00:00,A,1728.36602,Critical Risk,0 days 10:00:00,10,10,Dense,Weekday
0 days 10:00:00,B,1487,Critical Risk,0 days 10:00:00,10,10,Dense,Weekday
0 days 10:00:00,C,1461,Critical Risk,0 days 10:00:00,10,10,Dense,Weekday
0 days 10:05:00,A,1459.73868,Critical Risk,0 days 10:05:00,10,10,Dense,Weekday
0 days 10:05:00,B,817,Critical Risk,0 days 10:05:00,10,10,Dense,Weekend
0 days 10:05:00,C,1117,Critical Risk,0 days 10:05:00,10,10,Dense,Weekend
0 days 10:10:00,A,137.265619,Medium Risk,0 days 10:10:00,10,10,Moderate,Weekday
0 days 10:10:00,B,84,Medium Risk,0 days 10:10:00,10,10,Moderate,Weekday
0 days 10:10:00,C,166,High Risk,0 days 10:10:00,10,10,Dense,Weekday
0 days 10:15:00,A,1954.190103,Critical Risk,0 days 10:15:00,10,10,Dense,Weekday
0 days 10:15:00,B,1181,Critical Risk,0 days 10:15:00,10,10,Dense,Weekday
0 days 10:15:00,C,826,Critical Risk,0 days 10:15:00,10,10,Dense,Weekend
0 days 10:20:00,A,1287.049675,Critical Risk,0 days 10:20:00,10,10,Dense,Weekend
0 days 10:20:00,B,992,Critical Risk,0 days 10:20:00,10,10,Dense,Weekday
0 days 10:20:00,C,1385,Critical Risk,0 days 10:20:00,10,10,Dense,Weekday
0 days 10:25:00,A,230.2520061,High Risk,0 days 10:25:00,10,10,Dense,Weekday
0 days 10:25:00,B,112,Medium Risk,0 days 10:25:00,10,10,Moderate,Weekday
0 days 10:25:00,C,244,High Risk,0 days 10:25:00,10,10,Dense,Weekday
0 days 10:30:00,A,125.4578238,Medium Risk,0 days 10:30:00,10,10,Moderate,Weekend
0 days 10:30:00,B,83,Medium Risk,0 days 10:30:00,10,10,Moderate,Weekend
0 days 10:30:00,C,205,High Risk,0 days 10:30:00,10,10,Dense,Weekday
0 days 10:35:00,A,1892.199178,Critical Risk,0 days 10:35:00,10,10,Dense,Weekday
0 days 10:35:00,B,1265,Critical Risk,0 days 10:35:00,10,10,Dense,Weekday
0 days 10:35:00,C,3637,Critical Risk,0 days 10:35:00,10,10,Dense,Weekday
0 days 10:40:00,A,2867.818255,Critical Risk,0 days 10:40:00,10,10,Dense,Weekday
0 days 10:40:00,B,1786,Critical Risk,0 days 10:40:00,10,10,Dense,Weekend
0 days 10:40:00,C,2843,Critical Risk,0 days 10:40:00,10,10,Dense,Weekend
0 days 10:45:00,A,1006.614539,Critical Risk,0 days 10:45:00,10,10,Dense,Weekday
0 days 10:45:00,B,850,Critical Risk,0 days 10:45:00,10,10,Dense,Weekday
0 days 10:45:00,C,878,Critical Risk,0 days 10:45:00,10,10,Dense,Weekday
0 days 10:50:00,A,1115.836645,Critical Risk,0 days 10:50:00,10,10,Dense,Weekday
0 days 10:50:00,B,727,Critical Risk,0 days 10:50:00,10,10,Dense,Weekday
0 days 10:50:00,C,1273,Critical Risk,0 days 10:50:00,10,10,Dense,Weekend
0 days 10:55:00,A,906.2482803,Critical Risk,0 days 10:55:00,10,10,Dense,Weekend
0 days 10:55:00,B,430,Critical Risk,0 days 10:55:00,10,10,Dense,Weekday
0 days 10:55:00,C,561,Critical Risk,0 days 10:55:00,10,10,Dense,Weekday
0 days 11:00:00,A,1743.125764,Critical Risk,0 days 11:00:00,11,11,Dense,Weekday
0 days 11:00:00,B,1009,Critical Risk,0 days 11:00:00,11,11,Dense,Weekday
0 days 11:00:00,C,1251,Critical Risk,0 days 11:00:00,11,11,Dense,Weekday
0 days 11:05:00,A,261.2474684,High Risk,0 days 11:05:00,11,11,Dense,Weekend
0 days 11:05:00,B,313,Critical Risk,0 days 11:05:00,11,11,Dense,Weekend
0 days 11:05:00,C,275,High Risk,0 days 11:05:00,11,11,Dense,Weekday
0 days 11:10:00,A,804.4060469,Critical Risk,0 days 11:10:00,11,11,Dense,Weekday
0 days 11:10:00,B,405,Critical Risk,0 days 11:10:00,11,11,Dense,Weekday
0 days 11:10:00,C,616,Critical Risk,0 days 11:10:00,11,11,Dense,Weekday
0 days 11:15:00,A,88.55846388,Medium Risk,0 days 11:15:00,11,11,Moderate,Weekday
0 days 11:15:00,B,85,Medium Risk,0 days 11:15:00,11,11,Moderate,Weekend
0 days 11:15:00,C,102,Medium Risk,0 days 11:15:00,11,11,Moderate,Weekend
0 days 11:20:00,A,498.8793465,Critical Risk,0 days 11:20:00,11,11,Dense,Weekday
0 days 11:20:00,B,399,Critical Risk,0 days 11:20:00,11,11,Dense,Weekday
0 days 11:20:00,C,433,Critical Risk,0 days 11:20:00,11,11,Dense,Weekday
0 days 11:25:00,A,258.2955196,High Risk,0 days 11:25:00,11,11,Dense,Weekday
0 days 11:25:00,B,254,High Risk,0 days 11:25:00,11,11,Dense,Weekday
0 days 11:25:00,C,188,High Risk,0 days 11:25:00,11,11,Dense,Weekend
0 days 11:30:00,A,500.3553209,Critical Risk,0 days 11:30:00,11,11,Dense,Weekend
0 days 11:30:00,B,210,High Risk,0 days 11:30:00,11,11,Dense,Weekday
0 days 11:30:00,C,369,Critical Risk,0 days 11:30:00,11,11,Dense,Weekday
0 days 11:35:00,A,705.5157622,Critical Risk,0 days 11:35:00,11,11,Dense,Weekday
0 days 11:35:00,B,194,High Risk,0 days 11:35:00,11,11,Dense,Weekday
0 days 11:35:00,C,716,Critical Risk,0 days 11:35:00,11,11,Dense,Weekday
0 days 11:40:00,A,81.17859189,Medium Risk,0 days 11:40:00,11,11,Moderate,Weekend
0 days 11:40:00,B,86,Medium Risk,0 days 11:40:00,11,11,Moderate,Weekend
0 days 11:40:00,C,110,Medium Risk,0 days 11:40:00,11,11,Moderate,Weekday
0 days 11:45:00,A,2045.700516,Critical Risk,0 days 11:45:00,11,11,Dense,Weekday
0 days 11:45:00,B,1518,Critical Risk,0 days 11:45:00,11,11,Dense,Weekday
0 days 11:45:00,C,1550,Critical Risk,0 days 11:45:00,11,11,Dense,Weekday
0 days 11:50:00,A,755.6988917,Critical Risk,0 days 11:50:00,11,11,Dense,Weekday
0 days 11:50:00,B,449,Critical Risk,0 days 11:50:00,11,11,Dense,Weekend
0 days 11:50:00,C,1730,Critical Risk,0 days 11:50:00,11,11,Dense,Weekend
0 days 11:55:00,A,565.2981944,Critical Risk,0 days 11:55:00,11,11,Dense,Weekday
0 days 11:55:00,B,177,High Risk,0 days 11:55:00,11,11,Dense,Weekday
0 days 11:55:00,C,160,High Risk,0 days 11:55:00,11,11,Dense,Weekday
0 days 12:00:00,A,82.65456628,Medium Risk,0 days 12:00:00,12,12,Moderate,Weekday
0 days 12:00:00,B,47,Low Risk,0 days 12:00:00,12,12,Sparse,Weekday
0 days 12:00:00,C,90,Medium Risk,0 days 12:00:00,12,12,Moderate,Weekend
0 days 12:05:00,A,75.27469429,Medium Risk,0 days 12:05:00,12,12,Moderate,Weekend
0 days 12:05:00,B,54,Medium Risk,0 days 12:05:00,12,12,Moderate,Weekday
0 days 12:05:00,C,66,Medium Risk,0 days 12:05:00,12,12,Moderate,Weekday
0 days 12:10:00,A,33.94741115,Low Risk,0 days 12:10:00,12,12,Sparse,Weekday
0 days 12:10:00,B,22,Low Risk,0 days 12:10:00,12,12,Sparse,Weekday
0 days 12:10:00,C,25,Low Risk,0 days 12:10:00,12,12,Sparse,Weekday
0 days 12:15:00,A,38.37533435,Low Risk,0 days 12:15:00,12,12,Sparse,Weekend
0 days 12:15:00,B,23,Low Risk,0 days 12:15:00,12,12,Sparse,Weekend
0 days 12:15:00,C,37,Low Risk,0 days 12:15:00,12,12,Sparse,Weekday
0 days 12:20:00,A,38.37533435,Low Risk,0 days 12:20:00,12,12,Sparse,Weekday
0 days 12:20:00,B,27,Low Risk,0 days 12:20:00,12,12,Sparse,Weekday
0 days 12:20:00,C,46,Low Risk,0 days 12:20:00,12,12,Sparse,Weekday
0 days 12:25:00,A,137.265619,Medium Risk,0 days 12:25:00,12,12,Moderate,Weekday
0 days 12:25:00,B,115,Medium Risk,0 days 12:25:00,12,12,Moderate,Weekend
0 days 12:25:00,C,151,High Risk,0 days 12:25:00,12,12,Dense,Weekend
0 days 12:30:00,A,29.51948796,Low Risk,0 days 12:30:00,12,12,Sparse,Weekday
0 days 12:30:00,B,19,Low Risk,0 days 12:30:00,12,12,Sparse,Weekday
0 days 12:30:00,C,33,Low Risk,0 days 12:30:00,12,12,Sparse,Weekday
0 days 12:35:00,A,14.75974398,Low Risk,0 days 12:35:00,12,12,Sparse,Weekday
0 days 12:35:00,B,10,Low Risk,0 days 12:35:00,12,12,Sparse,Weekday
0 days 12:35:00,C,12,Low Risk,0 days 12:35:00,12,12,Sparse,Weekend
0 days 12:40:00,A,113.6500286,Medium Risk,0 days 12:40:00,12,12,Moderate,Weekend
0 days 12:40:00,B,66,Medium Risk,0 days 12:40:00,12,12,Moderate,Weekday
0 days 12:40:00,C,115,Medium Risk,0 days 12:40:00,12,12,Moderate,Weekday
0 days 12:45:00,A,36.89935995,Low Risk,0 days 12:45:00,12,12,Sparse,Weekday
0 days 12:45:00,B,21,Low Risk,0 days 12:45:00,12,12,Sparse,Weekday
0 days 12:45:00,C,46,Low Risk,0 days 12:45:00,12,12,Sparse,Weekday
0 days 12:50:00,A,70.8467711,Medium Risk,0 days 12:50:00,12,12,Moderate,Weekend
0 days 12:50:00,B,67,Medium Risk,0 days 12:50:00,12,12,Moderate,Weekend
0 days 12:50:00,C,80,Medium Risk,0 days 12:50:00,12,12,Moderate,Weekday
0 days 12:55:00,A,17.71169278,Low Risk,0 days 12:55:00,12,12,Sparse,Weekday
0 days 12:55:00,B,12,Low Risk,0 days 12:55:00,12,12,Sparse,Weekday
0 days 12:55:00,C,17,Low Risk,0 days 12:55:00,12,12,Sparse,Weekday
0 days 13:00:00,A,72.3227455,Medium Risk,0 days 13:00:00,13,13,Moderate,Weekday
0 days 13:00:00,B,40,Low Risk,0 days 13:00:00,13,13,Sparse,Weekend
0 days 13:00:00,C,62,Medium Risk,0 days 13:00:00,13,13,Moderate,Weekend
0 days 13:05:00,A,44.27923194,Low Risk,0 days 13:05:00,13,13,Sparse,Weekday
0 days 13:05:00,B,28,Low Risk,0 days 13:05:00,13,13,Sparse,Weekday
0 days 13:05:00,C,39,Low Risk,0 days 13:05:00,13,13,Sparse,Weekday
0 days 13:10:00,A,10.33182079,Low Risk,0 days 13:10:00,13,13,Sparse,Weekday
0 days 13:10:00,B,8,Low Risk,0 days 13:10:00,13,13,Sparse,Weekday
0 days 13:10:00,C,10,Low Risk,0 days 13:10:00,13,13,Sparse,Weekend
0 days 13:15:00,A,17.71169278,Low Risk,0 days 13:15:00,13,13,Sparse,Weekend
0 days 13:15:00,B,12,Low Risk,0 days 13:15:00,13,13,Sparse,Weekday
0 days 13:15:00,C,16,Low Risk,0 days 13:15:00,13,13,Sparse,Weekday
0 days 13:20:00,A,64.94287351,Medium Risk,0 days 13:20:00,13,13,Moderate,Weekday
0 days 13:20:00,B,43,Low Risk,0 days 13:20:00,13,13,Sparse,Weekday
0 days 13:20:00,C,57,Medium Risk,0 days 13:20:00,13,13,Moderate,Weekday
0 days 13:25:00,A,13.28376958,Low Risk,0 days 13:25:00,13,13,Sparse,Weekend
0 days 13:25:00,B,11,Low Risk,0 days 13:25:00,13,13,Sparse,Weekend
0 days 13:25:00,C,13,Low Risk,0 days 13:25:00,13,13,Sparse,Weekday
0 days 13:30:00,A,70.8467711,Medium Risk,0 days 13:30:00,13,13,Moderate,Weekday
0 days 13:30:00,B,55,Medium Risk,0 days 13:30:00,13,13,Moderate,Weekday
0 days 13:30:00,C,98,Medium Risk,0 days 13:30:00,13,13,Moderate,Weekday
0 days 13:35:00,A,13.28376958,Low Risk,0 days 13:35:00,13,13,Sparse,Weekday
0 days 13:35:00,B,8,Low Risk,0 days 13:35:00,13,13,Sparse,Weekend
0 days 13:35:00,C,13,Low Risk,0 days 13:35:00,13,13,Sparse,Weekend
0 days 13:40:00,A,44.27923194,Low Risk,0 days 13:40:00,13,13,Sparse,Weekday
0 days 13:40:00,B,33,Low Risk,0 days 13:40:00,13,13,Sparse,Weekday
0 days 13:40:00,C,42,Low Risk,0 days 13:40:00,13,13,Sparse,Weekday
0 days 13:45:00,A,25.09156476,Low Risk,0 days 13:45:00,13,13,Sparse,Weekday
0 days 13:45:00,B,23,Low Risk,0 days 13:45:00,13,13,Sparse,Weekday
0 days 13:45:00,C,31,Low Risk,0 days 13:45:00,13,13,Sparse,Weekend
0 days 13:50:00,A,17.71169278,Low Risk,0 days 13:50:00,13,13,Sparse,Weekend
0 days 13:50:00,B,10,Low Risk,0 days 13:50:00,13,13,Sparse,Weekday
0 days 13:50:00,C,17,Low Risk,0 days 13:50:00,13,13,Sparse,Weekday
0 days 13:55:00,A,69.3707967,Medium Risk,0 days 13:55:00,13,13,Moderate,Weekday
0 days 13:55:00,B,45,Low Risk,0 days 13:55:00,13,13,Sparse,Weekday
0 days 13:55:00,C,52,Medium Risk,0 days 13:55:00,13,13,Moderate,Weekday
0 days 14:00:00,A,66.41884791,Medium Risk,0 days 14:00:00,14,14,Moderate,Weekend
0 days 14:00:00,B,49,Low Risk,0 days 14:00:00,14,14,Sparse,Weekend
0 days 14:00:00,C,96,Medium Risk,0 days 14:00:00,14,14,Moderate,Weekday
0 days 14:05:00,A,60.51495032,Medium Risk,0 days 14:05:00,14,14,Moderate,Weekday
0 days 14:05:00,B,44,Low Risk,0 days 14:05:00,14,14,Sparse,Weekday
0 days 14:05:00,C,60,Medium Risk,0 days 14:05:00,14,14,Moderate,Weekday
0 days 14:10:00,A,20.66364157,Low Risk,0 days 14:10:00,14,14,Sparse,Weekday
0 days 14:10:00,B,14,Low Risk,0 days 14:10:00,14,14,Sparse,Weekend
0 days 14:10:00,C,18,Low Risk,0 days 14:10:00,14,14,Sparse,Weekend
0 days 14:15:00,A,4.427923194,Low Risk,0 days 14:15:00,14,14,Sparse,Weekday
0 days 14:15:00,B,4,Low Risk,0 days 14:15:00,14,14,Sparse,Weekday
0 days 14:15:00,C,5,Low Risk,0 days 14:15:00,14,14,Sparse,Weekday
0 days 14:20:00,A,41.32728314,Low Risk,0 days 14:20:00,14,14,Sparse,Weekday
0 days 14:20:00,B,28,Low Risk,0 days 14:20:00,14,14,Sparse,Weekday
0 days 14:20:00,C,31,Low Risk,0 days 14:20:00,14,14,Sparse,Weekend
0 days 14:25:00,A,67.8948223,Medium Risk,0 days 14:25:00,14,14,Moderate,Weekend
0 days 14:25:00,B,49,Low Risk,0 days 14:25:00,14,14,Sparse,Weekday
0 days 14:25:00,C,72,Medium Risk,0 days 14:25:00,14,14,Moderate,Weekday
0 days 14:30:00,A,129.885747,Medium Risk,0 days 14:30:00,14,14,Moderate,Weekday
0 days 14:30:00,B,68,Medium Risk,0 days 14:30:00,14,14,Moderate,Weekday
0 days 14:30:00,C,137,Medium Risk,0 days 14:30:00,14,14,Moderate,Weekday
0 days 14:35:00,A,76.75066869,Medium Risk,0 days 14:35:00,14,14,Moderate,Weekend
0 days 14:35:00,B,55,Medium Risk,0 days 14:35:00,14,14,Moderate,Weekend
0 days 14:35:00,C,71,Medium Risk,0 days 14:35:00,14,14,Moderate,Weekday
0 days 14:40:00,A,131.3617214,Medium Risk,0 days 14:40:00,14,14,Moderate,Weekday
0 days 14:40:00,B,101,Medium Risk,0 days 14:40:00,14,14,Moderate,Weekday
0 days 14:40:00,C,118,Medium Risk,0 days 14:40:00,14,14,Moderate,Weekday
0 days 14:45:00,A,26.56753916,Low Risk,0 days 14:45:00,14,14,Sparse,Weekday
0 days 14:45:00,B,15,Low Risk,0 days 14:45:00,14,14,Sparse,Weekend
0 days 14:45:00,C,26,Low Risk,0 days 14:45:00,14,14,Sparse,Weekend
0 days 14:50:00,A,51.65910393,Medium Risk,0 days 14:50:00,14,14,Moderate,Weekday
0 days 14:50:00,B,33,Low Risk,0 days 14:50:00,14,14,Sparse,Weekday
0 days 14:50:00,C,61,Medium Risk,0 days 14:50:00,14,14,Moderate,Weekday
0 days 14:55:00,A,84.13054068,Medium Risk,0 days 14:55:00,14,14,Moderate,Weekday
0 days 14:55:00,B,70,Medium Risk,0 days 14:55:00,14,14,Moderate,Weekday
0 days 14:55:00,C,94,Medium Risk,0 days 14:55:00,14,14,Moderate,Weekend
0 days 15:00:00,A,17.71169278,Low Risk,0 days 15:00:00,15,15,Sparse,Weekend
0 days 15:00:00,B,15,Low Risk,0 days 15:00:00,15,15,Sparse,Weekday
0 days 15:00:00,C,16,Low Risk,0 days 15:00:00,15,15,Sparse,Weekday
0 days 15:05:00,A,17.71169278,Low Risk,0 days 15:05:00,15,15,Sparse,Weekday
0 days 15:05:00,B,14,Low Risk,0 days 15:05:00,15,15,Sparse,Weekday
0 days 15:05:00,C,20,Low Risk,0 days 15:05:00,15,15,Sparse,Weekday
0 days 15:10:00,A,100.3662591,Medium Risk,0 days 15:10:00,15,15,Moderate,Weekend
0 days 15:10:00,B,91,Medium Risk,0 days 15:10:00,15,15,Moderate,Weekend
0 days 15:10:00,C,136,Medium Risk,0 days 15:10:00,15,15,Moderate,Weekday
0 days 15:15:00,A,36.89935995,Low Risk,0 days 15:15:00,15,15,Sparse,Weekday
0 days 15:15:00,B,26,Low Risk,0 days 15:15:00,15,15,Sparse,Weekday
0 days 15:15:00,C,40,Low Risk,0 days 15:15:00,15,15,Sparse,Weekday
0 days 15:20:00,A,78.22664309,Medium Risk,0 days 15:20:00,15,15,Moderate,Weekday
0 days 15:20:00,B,49,Low Risk,0 days 15:20:00,15,15,Sparse,Weekend
0 days 15:20:00,C,76,Medium Risk,0 days 15:20:00,15,15,Moderate,Weekend
0 days 15:25:00,A,78.22664309,Medium Risk,0 days 15:25:00,15,15,Moderate,Weekday
0 days 15:25:00,B,47,Low Risk,0 days 15:25:00,15,15,Sparse,Weekday
0 days 15:25:00,C,78,Medium Risk,0 days 15:25:00,15,15,Moderate,Weekday
0 days 15:30:00,A,22.13961597,Low Risk,0 days 15:30:00,15,15,Sparse,Weekday
0 days 15:30:00,B,11,Low Risk,0 days 15:30:00,15,15,Sparse,Weekday
0 days 15:30:00,C,18,Low Risk,0 days 15:30:00,15,15,Sparse,Weekend
0 days 15:35:00,A,118.0779518,Medium Risk,0 days 15:35:00,15,15,Moderate,Weekend
0 days 15:35:00,B,71,Medium Risk,0 days 15:35:00,15,15,Moderate,Weekday
0 days 15:35:00,C,155,High Risk,0 days 15:35:00,15,15,Dense,Weekday
0 days 15:40:00,A,70.8467711,Medium Risk,0 days 15:40:00,15,15,Moderate,Weekday
0 days 15:40:00,B,48,Low Risk,0 days 15:40:00,15,15,Sparse,Weekday
0 days 15:40:00,C,57,Medium Risk,0 days 15:40:00,15,15,Moderate,Weekday
0 days 15:45:00,A,33.94741115,Low Risk,0 days 15:45:00,15,15,Sparse,Weekend
0 days 15:45:00,B,29,Low Risk,0 days 15:45:00,15,15,Sparse,Weekend
0 days 15:45:00,C,39,Low Risk,0 days 15:45:00,15,15,Sparse,Weekday
0 days 15:50:00,A,66.41884791,Medium Risk,0 days 15:50:00,15,15,Moderate,Weekday
0 days 15:50:00,B,52,Medium Risk,0 days 15:50:00,15,15,Moderate,Weekday
0 days 15:50:00,C,80,Medium Risk,0 days 15:50:00,15,15,Moderate,Weekday
0 days 15:55:00,A,94.46236147,Medium Risk,0 days 15:55:00,15,15,Moderate,Weekday
0 days 15:55:00,B,46,Low Risk,0 days 15:55:00,15,15,Sparse,Weekend
0 days 15:55:00,C,84,Medium Risk,0 days 15:55:00,15,15,Moderate,Weekend
0 days 16:00:00,A,73.7987199,Medium Risk,0 days 16:00:00,16,16,Moderate,Weekday
0 days 16:00:00,B,46,Low Risk,0 days 16:00:00,16,16,Sparse,Weekday
0 days 16:00:00,C,84,Medium Risk,0 days 16:00:00,16,16,Moderate,Weekday
0 days 16:05:00,A,33.94741115,Low Risk,0 days 16:05:00,16,16,Sparse,Weekday
0 days 16:05:00,B,26,Low Risk,0 days 16:05:00,16,16,Sparse,Weekday
0 days 16:05:00,C,44,Low Risk,0 days 16:05:00,16,16,Sparse,Weekend
0 days 16:10:00,A,41.32728314,Low Risk,0 days 16:10:00,16,16,Sparse,Weekend
0 days 16:10:00,B,26,Low Risk,0 days 16:10:00,16,16,Sparse,Weekday
0 days 16:10:00,C,41,Low Risk,0 days 16:10:00,16,16,Sparse,Weekday
0 days 16:15:00,A,90.03443827,Medium Risk,0 days 16:15:00,16,16,Moderate,Weekday
0 days 16:15:00,B,54,Medium Risk,0 days 16:15:00,16,16,Moderate,Weekday
0 days 16:15:00,C,79,Medium Risk,0 days 16:15:00,16,16,Moderate,Weekday
0 days 16:20:00,A,59.03897592,Medium Risk,0 days 16:20:00,16,16,Moderate,Weekend
0 days 16:20:00,B,34,Low Risk,0 days 16:20:00,16,16,Sparse,Weekend
0 days 16:20:00,C,61,Medium Risk,0 days 16:20:00,16,16,Moderate,Weekday
0 days 16:25:00,A,177.1169278,High Risk,0 days 16:25:00,16,16,Dense,Weekday
0 days 16:25:00,B,81,Medium Risk,0 days 16:25:00,16,16,Moderate,Weekday
0 days 16:25:00,C,135,Medium Risk,0 days 16:25:00,16,16,Moderate,Weekday
0 days 16:30:00,A,28.04351356,Low Risk,0 days 16:30:00,16,16,Sparse,Weekday
0 days 16:30:00,B,28,Low Risk,0 days 16:30:00,16,16,Sparse,Weekend
0 days 16:30:00,C,37,Low Risk,0 days 16:30:00,16,16,Sparse,Weekend
0 days 16:35:00,A,32.47143675,Low Risk,0 days 16:35:00,16,16,Sparse,Weekday
0 days 16:35:00,B,27,Low Risk,0 days 16:35:00,16,16,Sparse,Weekday
0 days 16:35:00,C,34,Low Risk,0 days 16:35:00,16,16,Sparse,Weekday
0 days 16:40:00,A,126.9337982,Medium Risk,0 days 16:40:00,16,16,Moderate,Weekday
0 days 16:40:00,B,94,Medium Risk,0 days 16:40:00,16,16,Moderate,Weekday
0 days 16:40:00,C,125,Medium Risk,0 days 16:40:00,16,16,Moderate,Weekend
0 days 16:45:00,A,78.22664309,Medium Risk,0 days 16:45:00,16,16,Moderate,Weekend
0 days 16:45:00,B,47,Low Risk,0 days 16:45:00,16,16,Sparse,Weekday
0 days 16:45:00,C,70,Medium Risk,0 days 16:45:00,16,16,Moderate,Weekday
0 days 16:50:00,A,234.6799293,High Risk,0 days 16:50:00,16,16,Dense,Weekday
0 days 16:50:00,B,115,Medium Risk,0 days 16:50:00,16,16,Moderate,Weekday
0 days 16:50:00,C,185,High Risk,0 days 16:50:00,16,16,Dense,Weekday
0 days 16:55:00,A,32.47143675,Low Risk,0 days 16:55:00,16,16,Sparse,Weekend
0 days 16:55:00,B,24,Low Risk,0 days 16:55:00,16,16,Sparse,Weekend
0 days 16:55:00,C,30,Low Risk,0 days 16:55:00,16,16,Sparse,Weekday
0 days 17:00:00,A,643.5248375,Critical Risk,0 days 17:00:00,17,17,Dense,Weekday
0 days 17:00:00,B,211,High Risk,0 days 17:00:00,17,17,Dense,Weekday
0 days 17:00:00,C,560,Critical Risk,0 days 17:00:00,17,17,Dense,Weekday
0 days 17:05:00,A,506.2592185,Critical Risk,0 days 17:05:00,17,17,Dense,Weekday
0 days 17:05:00,B,570,Critical Risk,0 days 17:05:00,17,17,Dense,Weekend
0 days 17:05:00,C,360,Critical Risk,0 days 17:05:00,17,17,Dense,Weekend
0 days 17:10:00,A,984.4749234,Critical Risk,0 days 17:10:00,17,17,Dense,Weekday
0 days 17:10:00,B,671,Critical Risk,0 days 17:10:00,17,17,Dense,Weekday
0 days 17:10:00,C,1167,Critical Risk,0 days 17:10:00,17,17,Dense,Weekday
0 days 17:15:00,A,391.1332155,Critical Risk,0 days 17:15:00,17,17,Dense,Weekday
0 days 17:15:00,B,227,High Risk,0 days 17:15:00,17,17,Dense,Weekday
0 days 17:15:00,C,296,High Risk,0 days 17:15:00,17,17,Dense,Weekend
0 days 17:20:00,A,1703.274455,Critical Risk,0 days 17:20:00,17,17,Dense,Weekend
0 days 17:20:00,B,746,Critical Risk,0 days 17:20:00,17,17,Dense,Weekday
0 days 17:20:00,C,1114,Critical Risk,0 days 17:20:00,17,17,Dense,Weekday
0 days 17:25:00,A,749.7949941,Critical Risk,0 days 17:25:00,17,17,Dense,Weekday
0 days 17:25:00,B,553,Critical Risk,0 days 17:25:00,17,17,Dense,Weekday
0 days 17:25:00,C,944,Critical Risk,0 days 17:25:00,17,17,Dense,Weekday
0 days 17:30:00,A,786.6943541,Critical Risk,0 days 17:30:00,17,17,Dense,Weekend
0 days 17:30:00,B,568,Critical Risk,0 days 17:30:00,17,17,Dense,Weekend
0 days 17:30:00,C,1380,Critical Risk,0 days 17:30:00,17,17,Dense,Weekday
0 days 17:35:00,A,1741.64979,Critical Risk,0 days 17:35:00,17,17,Dense,Weekday
0 days 17:35:00,B,1944,Critical Risk,0 days 17:35:00,17,17,Dense,Weekday
0 days 17:35:00,C,1974,Critical Risk,0 days 17:35:00,17,17,Dense,Weekday
0 days 17:40:00,A,724.7034294,Critical Risk,0 days 17:40:00,17,17,Dense,Weekday
0 days 17:40:00,B,879,Critical Risk,0 days 17:40:00,17,17,Dense,Weekend
0 days 17:40:00,C,1265,Critical Risk,0 days 17:40:00,17,17,Dense,Weekend
0 days 17:45:00,A,298.1468284,High Risk,0 days 17:45:00,17,17,Dense,Weekday
0 days 17:45:00,B,93,Medium Risk,0 days 17:45:00,17,17,Moderate,Weekday
0 days 17:45:00,C,171,High Risk,0 days 17:45:00,17,17,Dense,Weekday
0 days 17:50:00,A,1003.662591,Critical Risk,0 days 17:50:00,17,17,Dense,Weekday
0 days 17:50:00,B,443,Critical Risk,0 days 17:50:00,17,17,Dense,Weekday
0 days 17:50:00,C,757,Critical Risk,0 days 17:50:00,17,17,Dense,Weekend
0 days 17:55:00,A,2202.153802,Critical Risk,0 days 17:55:00,17,17,Dense,Weekend
0 days 17:55:00,B,1386,Critical Risk,0 days 17:55:00,17,17,Dense,Weekday
0 days 17:55:00,C,565,Critical Risk,0 days 17:55:00,17,17,Dense,Weekday
0 days 18:00:00,A,2035.368695,Critical Risk,0 days 18:00:00,18,18,Dense,Weekday
0 days 18:00:00,B,1106,Critical Risk,0 days 18:00:00,18,18,Dense,Weekday
0 days 18:00:00,C,878,Critical Risk,0 days 18:00:00,18,18,Dense,Weekday
0 days 18:05:00,A,792.5982517,Critical Risk,0 days 18:05:00,18,18,Dense,Weekend
0 days 18:05:00,B,702,Critical Risk,0 days 18:05:00,18,18,Dense,Weekend
0 days 18:05:00,C,1246,Critical Risk,0 days 18:05:00,18,18,Dense,Weekday
0 days 18:10:00,A,2259.716803,Critical Risk,0 days 18:10:00,18,18,Dense,Weekday
0 days 18:10:00,B,1193,Critical Risk,0 days 18:10:00,18,18,Dense,Weekday
0 days 18:10:00,C,1884,Critical Risk,0 days 18:10:00,18,18,Dense,Weekday
0 days 18:15:00,A,370.4695739,Critical Risk,0 days 18:15:00,18,18,Dense,Weekday
0 days 18:15:00,B,387,Critical Risk,0 days 18:15:00,18,18,Dense,Weekend
0 days 18:15:00,C,782,Critical Risk,0 days 18:15:00,18,18,Dense,Weekend
0 days 18:20:00,A,2175.586263,Critical Risk,0 days 18:20:00,18,18,Dense,Weekday
0 days 18:20:00,B,2096,Critical Risk,0 days 18:20:00,18,18,Dense,Weekday
0 days 18:20:00,C,3068,Critical Risk,0 days 18:20:00,18,18,Dense,Weekday
0 days 18:25:00,A,312.9065724,Critical Risk,0 days 18:25:00,18,18,Dense,Weekday
0 days 18:25:00,B,295,High Risk,0 days 18:25:00,18,18,Dense,Weekday
0 days 18:25:00,C,274,High Risk,0 days 18:25:00,18,18,Dense,Weekend
0 days 18:30:00,A,234.6799293,High Risk,0 days 18:30:00,18,18,Dense,Weekend
0 days 18:30:00,B,90,Medium Risk,0 days 18:30:00,18,18,Moderate,Weekday
0 days 18:30:00,C,225,High Risk,0 days 18:30:00,18,18,Dense,Weekday
0 days 18:35:00,A,1179.303544,Critical Risk,0 days 18:35:00,18,18,Dense,Weekday
0 days 18:35:00,B,979,Critical Risk,0 days 18:35:00,18,18,Dense,Weekday
0 days 18:35:00,C,817,Critical Risk,0 days 18:35:00,18,18,Dense,Weekday
0 days 18:40:00,A,214.0162877,High Risk,0 days 18:40:00,18,18,Dense,Weekend
0 days 18:40:00,B,244,High Risk,0 days 18:40:00,18,18,Dense,Weekend
0 days 18:40:00,C,276,High Risk,0 days 18:40:00,18,18,Dense,Weekday
0 days 18:45:00,A,1250.150315,Critical Risk,0 days 18:45:00,18,18,Dense,Weekday
0 days 18:45:00,B,796,Critical Risk,0 days 18:45:00,18,18,Dense,Weekday
0 days 18:45:00,C,1694,Critical Risk,0 days 18:45:00,18,18,Dense,Weekday
0 days 18:50:00,A,202.2084925,High Risk,0 days 18:50:00,18,18,Dense,Weekday
0 days 18:50:00,B,334,Critical Risk,0 days 18:50:00,18,18,Dense,Weekend
0 days 18:50:00,C,430,Critical Risk,0 days 18:50:00,18,18,Dense,Weekend
0 days 18:55:00,A,525.4468857,Critical Risk,0 days 18:55:00,18,18,Dense,Weekday
0 days 18:55:00,B,271,High Risk,0 days 18:55:00,18,18,Dense,Weekday
0 days 18:55:00,C,514,Critical Risk,0 days 18:55:00,18,18,Dense,Weekday
0 days 19:00:00,A,1118.788594,Critical Risk,0 days 19:00:00,19,19,Dense,Weekday
0 days 19:00:00,B,598,Critical Risk,0 days 19:00:00,19,19,Dense,Weekday
0 days 19:00:00,C,1077,Critical Risk,0 days 19:00:00,19,19,Dense,Weekend
0 days 19:05:00,A,172.6890046,High Risk,0 days 19:05:00,19,19,Dense,Weekend
0 days 19:05:00,B,137,Medium Risk,0 days 19:05:00,19,19,Moderate,Weekday
0 days 19:05:00,C,127,Medium Risk,0 days 19:05:00,19,19,Moderate,Weekday
0 days 19:10:00,A,267.151366,High Risk,0 days 19:10:00,19,19,Dense,Weekday
0 days 19:10:00,B,217,High Risk,0 days 19:10:00,19,19,Dense,Weekday
0 days 19:10:00,C,531,Critical Risk,0 days 19:10:00,19,19,Dense,Weekday
0 days 19:15:00,A,267.151366,High Risk,0 days 19:15:00,19,19,Dense,Weekend
0 days 19:15:00,B,341,Critical Risk,0 days 19:15:00,19,19,Dense,Weekend
0 days 19:15:00,C,380,Critical Risk,0 days 19:15:00,19,19,Dense,Weekday
0 days 19:20:00,A,715.847583,Critical Risk,0 days 19:20:00,19,19,Dense,Weekday
0 days 19:20:00,B,310,Critical Risk,0 days 19:20:00,19,19,Dense,Weekday
0 days 19:20:00,C,750,Critical Risk,0 days 19:20:00,19,19,Dense,Weekday
0 days 19:25:00,A,30.99546236,Low Risk,0 days 19:25:00,19,19,Sparse,Weekday
0 days 19:25:00,B,58,Medium Risk,0 days 19:25:00,19,19,Moderate,Weekend
0 days 19:25:00,C,71,Medium Risk,0 days 19:25:00,19,19,Moderate,Weekend
0 days 19:30:00,A,1253.102264,Critical Risk,0 days 19:30:00,19,19,Dense,Weekday
0 days 19:30:00,B,493,Critical Risk,0 days 19:30:00,19,19,Dense,Weekday
0 days 19:30:00,C,745,Critical Risk,0 days 19:30:00,19,19,Dense,Weekday
0 days 19:35:00,A,2329.0876,Critical Risk,0 days 19:35:00,19,19,Dense,Weekday
0 days 19:35:00,B,2024,Critical Risk,0 days 19:35:00,19,19,Dense,Weekday
0 days 19:35:00,C,3596,Critical Risk,0 days 19:35:00,19,19,Dense,Weekend
0 days 19:40:00,A,637.6209399,Critical Risk,0 days 19:40:00,19,19,Dense,Weekend
0 days 19:40:00,B,373,Critical Risk,0 days 19:40:00,19,19,Dense,Weekday
0 days 19:40:00,C,1036,Critical Risk,0 days 19:40:00,19,19,Dense,Weekday
0 days 19:45:00,A,2445.689577,Critical Risk,0 days 19:45:00,19,19,Dense,Weekday
0 days 19:45:00,B,1478,Critical Risk,0 days 19:45:00,19,19,Dense,Weekday
0 days 19:45:00,C,3849,Critical Risk,0 days 19:45:00,19,19,Dense,Weekday
0 days 19:50:00,A,377.8494459,Critical Risk,0 days 19:50:00,19,19,Dense,Weekend
0 days 19:50:00,B,403,Critical Risk,0 days 19:50:00,19,19,Dense,Weekend
0 days 19:50:00,C,368,Critical Risk,0 days 19:50:00,19,19,Dense,Weekday
0 days 19:55:00,A,801.4540981,Critical Risk,0 days 19:55:00,19,19,Dense,Weekday
0 days 19:55:00,B,494,Critical Risk,0 days 19:55:00,19,19,Dense,Weekday
0 days 19:55:00,C,340,Critical Risk,0 days 19:55:00,19,19,Dense,Weekday
0 days 20:00:00,A,30.99546236,Low Risk,0 days 20:00:00,20,20,Sparse,Weekend
0 days 20:00:00,B,20,Low Risk,0 days 20:00:00,20,20,Sparse,Weekend
0 days 20:00:00,C,30,Low Risk,0 days 20:00:00,20,20,Sparse,Weekday
0 days 20:05:00,A,16.23571838,Low Risk,0 days 20:05:00,20,20,Sparse,Weekday
0 days 20:05:00,B,8,Low Risk,0 days 20:05:00,20,20,Sparse,Weekday
0 days 20:05:00,C,17,Low Risk,0 days 20:05:00,20,20,Sparse,Weekday
0 days 20:10:00,A,60.51495032,Medium Risk,0 days 20:10:00,20,20,Moderate,Weekday
0 days 20:10:00,B,45,Low Risk,0 days 20:10:00,20,20,Sparse,Weekend
0 days 20:10:00,C,58,Medium Risk,0 days 20:10:00,20,20,Moderate,Weekend
0 days 20:15:00,A,84.13054068,Medium Risk,0 days 20:15:00,20,20,Moderate,Weekday
0 days 20:15:00,B,43,Low Risk,0 days 20:15:00,20,20,Sparse,Weekday
0 days 20:15:00,C,74,Medium Risk,0 days 20:15:00,20,20,Moderate,Weekday
0 days 20:20:00,A,4.427923194,Low Risk,0 days 20:20:00,20,20,Sparse,Weekday
0 days 20:20:00,B,4,Low Risk,0 days 20:20:00,20,20,Sparse,Weekday
0 days 20:20:00,C,5,Low Risk,0 days 20:20:00,20,20,Sparse,Weekend
0 days 20:25:00,A,23.61559037,Low Risk,0 days 20:25:00,20,20,Sparse,Weekend
0 days 20:25:00,B,18,Low Risk,0 days 20:25:00,20,20,Sparse,Weekday
0 days 20:25:00,C,29,Low Risk,0 days 20:25:00,20,20,Sparse,Weekday
0 days 20:30:00,A,98.89028466,Medium Risk,0 days 20:30:00,20,20,Moderate,Weekday
0 days 20:30:00,B,64,Medium Risk,0 days 20:30:00,20,20,Moderate,Weekday
0 days 20:30:00,C,109,Medium Risk,0 days 20:30:00,20,20,Moderate,Weekday
0 days 20:35:00,A,50.18312953,Medium Risk,0 days 20:35:00,20,20,Moderate,Weekend
0 days 20:35:00,B,33,Low Risk,0 days 20:35:00,20,20,Sparse,Weekend
0 days 20:35:00,C,51,Medium Risk,0 days 20:35:00,20,20,Moderate,Weekday
0 days 20:40:00,A,20.66364157,Low Risk,0 days 20:40:00,20,20,Sparse,Weekday
0 days 20:40:00,B,11,Low Risk,0 days 20:40:00,20,20,Sparse,Weekday
0 days 20:40:00,C,21,Low Risk,0 days 20:40:00,20,20,Sparse,Weekday
0 days 20:45:00,A,101.8422335,Medium Risk,0 days 20:45:00,20,20,Moderate,Weekday
0 days 20:45:00,B,81,Medium Risk,0 days 20:45:00,20,20,Moderate,Weekend
0 days 20:45:00,C,120,Medium Risk,0 days 20:45:00,20,20,Moderate,Weekend
0 days 20:50:00,A,48.70715513,Low Risk,0 days 20:50:00,20,20,Sparse,Weekday
0 days 20:50:00,B,27,Low Risk,0 days 20:50:00,20,20,Sparse,Weekday
0 days 20:50:00,C,40,Low Risk,0 days 20:50:00,20,20,Sparse,Weekday
0 days 20:55:00,A,88.55846388,Medium Risk,0 days 20:55:00,20,20,Moderate,Weekday
0 days 20:55:00,B,77,Medium Risk,0 days 20:55:00,20,20,Moderate,Weekday
0 days 20:55:00,C,124,Medium Risk,0 days 20:55:00,20,20,Moderate,Weekend
0 days 21:00:00,A,13.28376958,Low Risk,0 days 21:00:00,21,21,Sparse,Weekend
0 days 21:00:00,B,8,Low Risk,0 days 21:00:00,21,21,Sparse,Weekday
0 days 21:00:00,C,11,Low Risk,0 days 21:00:00,21,21,Sparse,Weekday
0 days 21:05:00,A,53.13507833,Medium Risk,0 days 21:05:00,21,21,Moderate,Weekday
0 days 21:05:00,B,40,Low Risk,0 days 21:05:00,21,21,Sparse,Weekday
0 days 21:05:00,C,53,Medium Risk,0 days 21:05:00,21,21,Moderate,Weekday
0 days 21:10:00,A,25.09156476,Low Risk,0 days 21:10:00,21,21,Sparse,Weekend
0 days 21:10:00,B,23,Low Risk,0 days 21:10:00,21,21,Sparse,Weekend
0 days 21:10:00,C,35,Low Risk,0 days 21:10:00,21,21,Sparse,Weekday
0 days 21:15:00,A,48.70715513,Low Risk,0 days 21:15:00,21,21,Sparse,Weekday
0 days 21:15:00,B,37,Low Risk,0 days 21:15:00,21,21,Sparse,Weekday
0 days 21:15:00,C,49,Low Risk,0 days 21:15:00,21,21,Sparse,Weekday
0 days 21:20:00,A,128.4097726,Medium Risk,0 days 21:20:00,21,21,Moderate,Weekday
0 days 21:20:00,B,87,Medium Risk,0 days 21:20:00,21,21,Moderate,Weekend
0 days 21:20:00,C,141,Medium Risk,0 days 21:20:00,21,21,Moderate,Weekend
0 days 21:25:00,A,57.56300152,Medium Risk,0 days 21:25:00,21,21,Moderate,Weekday
0 days 21:25:00,B,39,Low Risk,0 days 21:25:00,21,21,Sparse,Weekday
0 days 21:25:00,C,55,Medium Risk,0 days 21:25:00,21,21,Moderate,Weekday
0 days 21:30:00,A,107.746131,Medium Risk,0 days 21:30:00,21,21,Moderate,Weekday
0 days 21:30:00,B,72,Medium Risk,0 days 21:30:00,21,21,Moderate,Weekday
0 days 21:30:00,C,85,Medium Risk,0 days 21:30:00,21,21,Moderate,Weekend
0 days 21:35:00,A,118.0779518,Medium Risk,0 days 21:35:00,21,21,Moderate,Weekend
0 days 21:35:00,B,75,Medium Risk,0 days 21:35:00,21,21,Moderate,Weekday
0 days 21:35:00,C,149,Medium Risk,0 days 21:35:00,21,21,Moderate,Weekday
0 days 21:40:00,A,59.03897592,Medium Risk,0 days 21:40:00,21,21,Moderate,Weekday
0 days 21:40:00,B,49,Low Risk,0 days 21:40:00,21,21,Sparse,Weekday
0 days 21:40:00,C,70,Medium Risk,0 days 21:40:00,21,21,Moderate,Weekday
0 days 21:45:00,A,51.65910393,Medium Risk,0 days 21:45:00,21,21,Moderate,Weekend
0 days 21:45:00,B,36,Low Risk,0 days 21:45:00,21,21,Sparse,Weekend
0 days 21:45:00,C,61,Medium Risk,0 days 21:45:00,21,21,Moderate,Weekday
0 days 21:50:00,A,25.09156476,Low Risk,0 days 21:50:00,21,21,Sparse,Weekday
0 days 21:50:00,B,17,Low Risk,0 days 21:50:00,21,21,Sparse,Weekday
0 days 21:50:00,C,22,Low Risk,0 days 21:50:00,21,21,Sparse,Weekday
0 days 21:55:00,A,160.8812094,High Risk,0 days 21:55:00,21,21,Dense,Weekday
0 days 21:55:00,B,91,Medium Risk,0 days 21:55:00,21,21,Moderate,Weekend
0 days 21:55:00,C,171,High Risk,0 days 21:55:00,21,21,Dense,Weekend
0 days 22:00:00,A,106.2701567,Medium Risk,0 days 22:00:00,22,22,Moderate,Weekday
0 days 22:00:00,B,73,Medium Risk,0 days 22:00:00,22,22,Moderate,Weekday
0 days 22:00:00,C,103,Medium Risk,0 days 22:00:00,22,22,Moderate,Weekday
0 days 22:05:00,A,88.55846388,Medium Risk,0 days 22:05:00,22,22,Moderate,Weekday
0 days 22:05:00,B,65,Medium Risk,0 days 22:05:00,22,22,Moderate,Weekday
0 days 22:05:00,C,85,Medium Risk,0 days 22:05:00,22,22,Moderate,Weekend
0 days 22:10:00,A,19.18766717,Low Risk,0 days 22:10:00,22,22,Sparse,Weekend
0 days 22:10:00,B,12,Low Risk,0 days 22:10:00,22,22,Sparse,Weekday
0 days 22:10:00,C,26,Low Risk,0 days 22:10:00,22,22,Sparse,Weekday
0 days 22:15:00,A,44.27923194,Low Risk,0 days 22:15:00,22,22,Sparse,Weekday
0 days 22:15:00,B,30,Low Risk,0 days 22:15:00,22,22,Sparse,Weekday
0 days 22:15:00,C,52,Medium Risk,0 days 22:15:00,22,22,Moderate,Weekday
0 days 22:20:00,A,123.9818494,Medium Risk,0 days 22:20:00,22,22,Moderate,Weekend
0 days 22:20:00,B,75,Medium Risk,0 days 22:20:00,22,22,Moderate,Weekend
0 days 22:20:00,C,93,Medium Risk,0 days 22:20:00,22,22,Moderate,Weekday
0 days 22:25:00,A,26.56753916,Low Risk,0 days 22:25:00,22,22,Sparse,Weekday
0 days 22:25:00,B,18,Low Risk,0 days 22:25:00,22,22,Sparse,Weekday
0 days 22:25:00,C,30,Low Risk,0 days 22:25:00,22,22,Sparse,Weekday
0 days 22:30:00,A,47.23118073,Low Risk,0 days 22:30:00,22,22,Sparse,Weekday
0 days 22:30:00,B,40,Low Risk,0 days 22:30:00,22,22,Sparse,Weekend
0 days 22:30:00,C,59,Medium Risk,0 days 22:30:00,22,22,Moderate,Weekend
0 days 22:35:00,A,76.75066869,Medium Risk,0 days 22:35:00,22,22,Moderate,Weekday
0 days 22:35:00,B,54,Medium Risk,0 days 22:35:00,22,22,Moderate,Weekday
0 days 22:35:00,C,67,Medium Risk,0 days 22:35:00,22,22,Moderate,Weekday
0 days 22:40:00,A,17.71169278,Low Risk,0 days 22:40:00,22,22,Sparse,Weekday
0 days 22:40:00,B,12,Low Risk,0 days 22:40:00,22,22,Sparse,Weekday
0 days 22:40:00,C,14,Low Risk,0 days 22:40:00,22,22,Sparse,Weekend
0 days 22:45:00,A,82.65456628,Medium Risk,0 days 22:45:00,22,22,Moderate,Weekend
0 days 22:45:00,B,56,Medium Risk,0 days 22:45:00,22,22,Moderate,Weekday
0 days 22:45:00,C,104,Medium Risk,0 days 22:45:00,22,22,Moderate,Weekday
0 days 22:50:00,A,20.66364157,Low Risk,0 days 22:50:00,22,22,Sparse,Weekday
0 days 22:50:00,B,15,Low Risk,0 days 22:50:00,22,22,Sparse,Weekday
0 days 22:50:00,C,22,Low Risk,0 days 22:50:00,22,22,Sparse,Weekday
0 days 22:55:00,A,10.33182079,Low Risk,0 days 22:55:00,22,22,Sparse,Weekend
0 days 22:55:00,B,9,Low Risk,0 days 22:55:00,22,22,Sparse,Weekend
0 days 22:55:00,C,13,Low Risk,0 days 22:55:00,22,22,Sparse,Weekday
0 days 23:00:00,A,26.56753916,Low Risk,0 days 23:00:00,23,23,Sparse,Weekday
0 days 23:00:00,B,19,Low Risk,0 days 23:00:00,23,23,Sparse,Weekday
0 days 23:00:00,C,32,Low Risk,0 days 23:00:00,23,23,Sparse,Weekday
0 days 23:05:00,A,44.27923194,Low Risk,0 days 23:05:00,23,23,Sparse,Weekday
0 days 23:05:00,B,38,Low Risk,0 days 23:05:00,23,23,Sparse,Weekend
0 days 23:05:00,C,60,Medium Risk,0 days 23:05:00,23,23,Moderate,Weekend
0 days 23:10:00,A,162.3571838,High Risk,0 days 23:10:00,23,23,Dense,Weekday
0 days 23:10:00,B,84,Medium Risk,0 days 23:10:00,23,23,Moderate,Weekday
0 days 23:10:00,C,153,High Risk,0 days 23:10:00,23,23,Dense,Weekday
0 days 23:15:00,A,30.99546236,Low Risk,0 days 23:15:00,23,23,Sparse,Weekday
0 days 23:15:00,B,21,Low Risk,0 days 23:15:00,23,23,Sparse,Weekday
0 days 23:15:00,C,24,Low Risk,0 days 23:15:00,23,23,Sparse,Weekend
0 days 23:20:00,A,14.75974398,Low Risk,0 days 23:20:00,23,23,Sparse,Weekend
0 days 23:20:00,B,8,Low Risk,0 days 23:20:00,23,23,Sparse,Weekday
0 days 23:20:00,C,13,Low Risk,0 days 23:20:00,23,23,Sparse,Weekday
0 days 23:25:00,A,41.32728314,Low Risk,0 days 23:25:00,23,23,Sparse,Weekday
0 days 23:25:00,B,38,Low Risk,0 days 23:25:00,23,23,Sparse,Weekday
0 days 23:25:00,C,60,Medium Risk,0 days 23:25:00,23,23,Moderate,Weekday
0 days 23:30:00,A,132.8376958,Medium Risk,0 days 23:30:00,23,23,Moderate,Weekend
0 days 23:30:00,B,99,Medium Risk,0 days 23:30:00,23,23,Moderate,Weekend
0 days 23:30:00,C,154,High Risk,0 days 23:30:00,23,23,Dense,Weekday
0 days 23:35:00,A,123.9818494,Medium Risk,0 days 23:35:00,23,23,Moderate,Weekday
0 days 23:35:00,B,71,Medium Risk,0 days 23:35:00,23,23,Moderate,Weekday
0 days 23:35:00,C,125,Medium Risk,0 days 23:35:00,23,23,Moderate,Weekday
0 days 23:40:00,A,54.61105272,Medium Risk,0 days 23:40:00,23,23,Moderate,Weekday
0 days 23:40:00,B,28,Low Risk,0 days 23:40:00,23,23,Sparse,Weekend
0 days 23:40:00,C,44,Low Risk,0 days 23:40:00,23,23,Sparse,Weekend
0 days 23:45:00,A,53.13507833,Medium Risk,0 days 23:45:00,23,23,Moderate,Weekday
0 days 23:45:00,B,26,Low Risk,0 days 23:45:00,23,23,Sparse,Weekday
0 days 23:45:00,C,47,Low Risk,0 days 23:45:00,23,23,Sparse,Weekday
0 days 23:50:00,A,25.09156476,Low Risk,0 days 23:50:00,23,23,Sparse,Weekday
0 days 23:50:00,B,16,Low Risk,0 days 23:50:00,23,23,Sparse,Weekday
0 days 23:50:00,C,21,Low Risk,0 days 23:50:00,23,23,Sparse,Weekend
0 days 23:55:00,A,61.99092471,Medium Risk,0 days 23:55:00,23,23,Moderate,Weekend
0 days 23:55:00,B,39,Low Risk,0 days 23:55:00,23,23,Sparse,Weekday
0 days 23:55:00,C,59,Medium Risk,0 days 23:55:00,23,23,Moderate,Weekday
1 days 00:00:00,A,47.23118073,Low Risk,1 days 00:00:00,24,24,Sparse,Weekday
1 days 00:00:00,B,34,Low Risk,1 days 00:00:00,24,24,Sparse,Weekday
1 days 00:00:00,C,50,Medium Risk,1 days 00:00:00,24,24,Moderate,Weekday
1 days 00:05:00,A,140.2175678,Medium Risk,1 days 00:05:00,24,24,Moderate,Weekday
1 days 00:05:00,B,99,Medium Risk,1 days 00:05:00,24,24,Moderate,Weekend
1 days 00:05:00,C,114,Medium Risk,1 days 00:05:00,24,24,Moderate,Weekend
1 days 00:10:00,A,45.75520634,Low Risk,1 days 00:10:00,24,24,Sparse,Weekday
1 days 00:10:00,B,28,Low Risk,1 days 00:10:00,24,24,Sparse,Weekday
1 days 00:10:00,C,45,Low Risk,1 days 00:10:00,24,24,Sparse,Weekday
1 days 00:15:00,A,72.3227455,Medium Risk,1 days 00:15:00,24,24,Moderate,Weekday
1 days 00:15:00,B,43,Low Risk,1 days 00:15:00,24,24,Sparse,Weekday
1 days 00:15:00,C,57,Medium Risk,1 days 00:15:00,24,24,Moderate,Weekend
1 days 00:20:00,A,41.32728314,Low Risk,1 days 00:20:00,24,24,Sparse,Weekend
1 days 00:20:00,B,25,Low Risk,1 days 00:20:00,24,24,Sparse,Weekday
1 days 00:20:00,C,35,Low Risk,1 days 00:20:00,24,24,Sparse,Weekday
1 days 00:25:00,A,81.17859189,Medium Risk,1 days 00:25:00,24,24,Moderate,Weekday
1 days 00:25:00,B,58,Medium Risk,1 days 00:25:00,24,24,Moderate,Weekday
1 days 00:25:00,C,72,Medium Risk,1 days 00:25:00,24,24,Moderate,Weekday
1 days 00:30:00,A,28.04351356,Low Risk,1 days 00:30:00,24,24,Sparse,Weekend
1 days 00:30:00,B,15,Low Risk,1 days 00:30:00,24,24,Sparse,Weekend
1 days 00:30:00,C,31,Low Risk,1 days 00:30:00,24,24,Sparse,Weekday
1 days 00:35:00,A,26.56753916,Low Risk,1 days 00:35:00,24,24,Sparse,Weekday
1 days 00:35:00,B,18,Low Risk,1 days 00:35:00,24,24,Sparse,Weekday
1 days 00:35:00,C,25,Low Risk,1 days 00:35:00,24,24,Sparse,Weekday
1 days 00:40:00,A,13.28376958,Low Risk,1 days 00:40:00,24,24,Sparse,Weekday
1 days 00:40:00,B,9,Low Risk,1 days 00:40:00,24,24,Sparse,Weekend
1 days 00:40:00,C,12,Low Risk,1 days 00:40:00,24,24,Sparse,Weekend
1 days 00:45:00,A,28.04351356,Low Risk,1 days 00:45:00,24,24,Sparse,Weekday
1 days 00:45:00,B,20,Low Risk,1 days 00:45:00,24,24,Sparse,Weekday
1 days 00:45:00,C,25,Low Risk,1 days 00:45:00,24,24,Sparse,Weekday
1 days 00:50:00,A,11.80779518,Low Risk,1 days 00:50:00,24,24,Sparse,Weekday
1 days 00:50:00,B,9,Low Risk,1 days 00:50:00,24,24,Sparse,Weekday
1 days 00:50:00,C,14,Low Risk,1 days 00:50:00,24,24,Sparse,Weekend
1 days 00:55:00,A,81.17859189,Medium Risk,1 days 00:55:00,24,24,Moderate,Weekend
1 days 00:55:00,B,50,Medium Risk,1 days 00:55:00,24,24,Moderate,Weekday
1 days 00:55:00,C,61,Medium Risk,1 days 00:55:00,24,24,Moderate,Weekday
1 days 01:00:00,A,78.22664309,Medium Risk,1 days 01:00:00,25,25,Moderate,Weekday
1 days 01:00:00,B,42,Low Risk,1 days 01:00:00,25,25,Sparse,Weekday
1 days 01:00:00,C,79,Medium Risk,1 days 01:00:00,25,25,Moderate,Weekday
1 days 01:05:00,A,160.8812094,High Risk,1 days 01:05:00,25,25,Dense,Weekend
1 days 01:05:00,B,84,Medium Risk,1 days 01:05:00,25,25,Moderate,Weekend
1 days 01:05:00,C,140,Medium Risk,1 days 01:05:00,25,25,Moderate,Weekday
1 days 01:10:00,A,13.28376958,Low Risk,1 days 01:10:00,25,25,Sparse,Weekday
1 days 01:10:00,B,9,Low Risk,1 days 01:10:00,25,25,Sparse,Weekday
1 days 01:10:00,C,14,Low Risk,1 days 01:10:00,25,25,Sparse,Weekday
1 days 01:15:00,A,26.56753916,Low Risk,1 days 01:15:00,25,25,Sparse,Weekday
1 days 01:15:00,B,25,Low Risk,1 days 01:15:00,25,25,Sparse,Weekend
1 days 01:15:00,C,39,Low Risk,1 days 01:15:00,25,25,Sparse,Weekend
1 days 01:20:00,A,72.3227455,Medium Risk,1 days 01:20:00,25,25,Moderate,Weekday
1 days 01:20:00,B,44,Low Risk,1 days 01:20:00,25,25,Sparse,Weekday
1 days 01:20:00,C,67,Medium Risk,1 days 01:20:00,25,25,Moderate,Weekday
1 days 01:25:00,A,150.5493886,High Risk,1 days 01:25:00,25,25,Dense,Weekday
1 days 01:25:00,B,94,Medium Risk,1 days 01:25:00,25,25,Moderate,Weekday
1 days 01:25:00,C,137,Medium Risk,1 days 01:25:00,25,25,Moderate,Weekend
1 days 01:30:00,A,33.94741115,Low Risk,1 days 01:30:00,25,25,Sparse,Weekend
1 days 01:30:00,B,19,Low Risk,1 days 01:30:00,25,25,Sparse,Weekday
1 days 01:30:00,C,35,Low Risk,1 days 01:30:00,25,25,Sparse,Weekday
1 days 01:35:00,A,66.41884791,Medium Risk,1 days 01:35:00,25,25,Moderate,Weekday
1 days 01:35:00,B,59,Medium Risk,1 days 01:35:00,25,25,Moderate,Weekday
1 days 01:35:00,C,76,Medium Risk,1 days 01:35:00,25,25,Moderate,Weekday
1 days 01:40:00,A,119.5539262,Medium Risk,1 days 01:40:00,25,25,Moderate,Weekend
1 days 01:40:00,B,95,Medium Risk,1 days 01:40:00,25,25,Moderate,Weekend
1 days 01:40:00,C,142,Medium Risk,1 days 01:40:00,25,25,Moderate,Weekday
1 days 01:45:00,A,7.37987199,Low Risk,1 days 01:45:00,25,25,Sparse,Weekday
1 days 01:45:00,B,5,Low Risk,1 days 01:45:00,25,25,Sparse,Weekday
1 days 01:45:00,C,9,Low Risk,1 days 01:45:00,25,25,Sparse,Weekday
1 days 01:50:00,A,104.7941823,Medium Risk,1 days 01:50:00,25,25,Moderate,Weekday
1 days 01:50:00,B,53,Medium Risk,1 days 01:50:00,25,25,Moderate,Weekend
1 days 01:50:00,C,110,Medium Risk,1 days 01:50:00,25,25,Moderate,Weekend
1 days 01:55:00,A,95.93833587,Medium Risk,1 days 01:55:00,25,25,Moderate,Weekday
1 days 01:55:00,B,77,Medium Risk,1 days 01:55:00,25,25,Moderate,Weekday
1 days 01:55:00,C,109,Medium Risk,1 days 01:55:00,25,25,Moderate,Weekday
1 days 02:00:00,A,17.71169278,Low Risk,1 days 02:00:00,26,26,Sparse,Weekday
1 days 02:00:00,B,10,Low Risk,1 days 02:00:00,26,26,Sparse,Weekday
1 days 02:00:00,C,20,Low Risk,1 days 02:00:00,26,26,Sparse,Weekend
1 days 02:05:00,A,45.75520634,Low Risk,1 days 02:05:00,26,26,Sparse,Weekend
1 days 02:05:00,B,31,Low Risk,1 days 02:05:00,26,26,Sparse,Weekday
1 days 02:05:00,C,44,Low Risk,1 days 02:05:00,26,26,Sparse,Weekday
1 days 02:10:00,A,76.75066869,Medium Risk,1 days 02:10:00,26,26,Moderate,Weekday
1 days 02:10:00,B,43,Low Risk,1 days 02:10:00,26,26,Sparse,Weekday
1 days 02:10:00,C,80,Medium Risk,1 days 02:10:00,26,26,Moderate,Weekday
1 days 02:15:00,A,51.65910393,Medium Risk,1 days 02:15:00,26,26,Moderate,Weekend
1 days 02:15:00,B,26,Low Risk,1 days 02:15:00,26,26,Sparse,Weekend
1 days 02:15:00,C,42,Low Risk,1 days 02:15:00,26,26,Sparse,Weekday
1 days 02:20:00,A,103.3182079,Medium Risk,1 days 02:20:00,26,26,Moderate,Weekday
1 days 02:20:00,B,64,Medium Risk,1 days 02:20:00,26,26,Moderate,Weekday
1 days 02:20:00,C,85,Medium Risk,1 days 02:20:00,26,26,Moderate,Weekday
1 days 02:25:00,A,104.7941823,Medium Risk,1 days 02:25:00,26,26,Moderate,Weekday
1 days 02:25:00,B,88,Medium Risk,1 days 02:25:00,26,26,Moderate,Weekend
1 days 02:25:00,C,100,Medium Risk,1 days 02:25:00,26,26,Moderate,Weekend
1 days 02:30:00,A,13.28376958,Low Risk,1 days 02:30:00,26,26,Sparse,Weekday
1 days 02:30:00,B,9,Low Risk,1 days 02:30:00,26,26,Sparse,Weekday
1 days 02:30:00,C,13,Low Risk,1 days 02:30:00,26,26,Sparse,Weekday
1 days 02:35:00,A,78.22664309,Medium Risk,1 days 02:35:00,26,26,Moderate,Weekday
1 days 02:35:00,B,41,Low Risk,1 days 02:35:00,26,26,Sparse,Weekday
1 days 02:35:00,C,57,Medium Risk,1 days 02:35:00,26,26,Moderate,Weekend
1 days 02:40:00,A,84.13054068,Medium Risk,1 days 02:40:00,26,26,Moderate,Weekend
1 days 02:40:00,B,66,Medium Risk,1 days 02:40:00,26,26,Moderate,Weekday
1 days 02:40:00,C,96,Medium Risk,1 days 02:40:00,26,26,Moderate,Weekday
1 days 02:45:00,A,150.5493886,High Risk,1 days 02:45:00,26,26,Dense,Weekday
1 days 02:45:00,B,100,Medium Risk,1 days 02:45:00,26,26,Moderate,Weekday
1 days 02:45:00,C,142,Medium Risk,1 days 02:45:00,26,26,Moderate,Weekday
1 days 02:50:00,A,14.75974398,Low Risk,1 days 02:50:00,26,26,Sparse,Weekend
1 days 02:50:00,B,8,Low Risk,1 days 02:50:00,26,26,Sparse,Weekend
1 days 02:50:00,C,14,Low Risk,1 days 02:50:00,26,26,Sparse,Weekday
1 days 02:55:00,A,33.94741115,Low Risk,1 days 02:55:00,26,26,Sparse,Weekday
1 days 02:55:00,B,18,Low Risk,1 days 02:55:00,26,26,Sparse,Weekday
1 days 02:55:00,C,30,Low Risk,1 days 02:55:00,26,26,Sparse,Weekday
1 days 03:00:00,A,26.56753916,Low Risk,1 days 03:00:00,27,27,Sparse,Weekday
1 days 03:00:00,B,13,Low Risk,1 days 03:00:00,27,27,Sparse,Weekend
1 days 03:00:00,C,20,Low Risk,1 days 03:00:00,27,27,Sparse,Weekend
1 days 03:05:00,A,162.3571838,High Risk,1 days 03:05:00,27,27,Dense,Weekday
1 days 03:05:00,B,113,Medium Risk,1 days 03:05:00,27,27,Moderate,Weekday
1 days 03:05:00,C,240,High Risk,1 days 03:05:00,27,27,Dense,Weekday
1 days 03:10:00,A,35.42338555,Low Risk,1 days 03:10:00,27,27,Sparse,Weekday
1 days 03:10:00,B,24,Low Risk,1 days 03:10:00,27,27,Sparse,Weekday
1 days 03:10:00,C,32,Low Risk,1 days 03:10:00,27,27,Sparse,Weekend
1 days 03:15:00,A,45.75520634,Low Risk,1 days 03:15:00,27,27,Sparse,Weekend
1 days 03:15:00,B,31,Low Risk,1 days 03:15:00,27,27,Sparse,Weekday
1 days 03:15:00,C,56,Medium Risk,1 days 03:15:00,27,27,Moderate,Weekday
1 days 03:20:00,A,84.13054068,Medium Risk,1 days 03:20:00,27,27,Moderate,Weekday
1 days 03:20:00,B,53,Medium Risk,1 days 03:20:00,27,27,Moderate,Weekday
1 days 03:20:00,C,98,Medium Risk,1 days 03:20:00,27,27,Moderate,Weekday
1 days 03:25:00,A,11.80779518,Low Risk,1 days 03:25:00,27,27,Sparse,Weekend
1 days 03:25:00,B,9,Low Risk,1 days 03:25:00,27,27,Sparse,Weekend
1 days 03:25:00,C,14,Low Risk,1 days 03:25:00,27,27,Sparse,Weekday
1 days 03:30:00,A,19.18766717,Low Risk,1 days 03:30:00,27,27,Sparse,Weekday
1 days 03:30:00,B,10,Low Risk,1 days 03:30:00,27,27,Sparse,Weekday
1 days 03:30:00,C,13,Low Risk,1 days 03:30:00,27,27,Sparse,Weekday
1 days 03:35:00,A,129.885747,Medium Risk,1 days 03:35:00,27,27,Moderate,Weekday
1 days 03:35:00,B,63,Medium Risk,1 days 03:35:00,27,27,Moderate,Weekend
1 days 03:35:00,C,94,Medium Risk,1 days 03:35:00,27,27,Moderate,Weekend
1 days 03:40:00,A,10.33182079,Low Risk,1 days 03:40:00,27,27,Sparse,Weekday
1 days 03:40:00,B,6,Low Risk,1 days 03:40:00,27,27,Sparse,Weekday
1 days 03:40:00,C,11,Low Risk,1 days 03:40:00,27,27,Sparse,Weekday
1 days 03:45:00,A,35.42338555,Low Risk,1 days 03:45:00,27,27,Sparse,Weekday
1 days 03:45:00,B,26,Low Risk,1 days 03:45:00,27,27,Sparse,Weekday
1 days 03:45:00,C,48,Low Risk,1 days 03:45:00,27,27,Sparse,Weekend
1 days 03:50:00,A,10.33182079,Low Risk,1 days 03:50:00,27,27,Sparse,Weekend
1 days 03:50:00,B,8,Low Risk,1 days 03:50:00,27,27,Sparse,Weekday
1 days 03:50:00,C,12,Low Risk,1 days 03:50:00,27,27,Sparse,Weekday
1 days 03:55:00,A,35.42338555,Low Risk,1 days 03:55:00,27,27,Sparse,Weekday
1 days 03:55:00,B,24,Low Risk,1 days 03:55:00,27,27,Sparse,Weekday
1 days 03:55:00,C,39,Low Risk,1 days 03:55:00,27,27,Sparse,Weekday
1 days 04:00:00,A,90.03443827,Medium Risk,1 days 04:00:00,28,28,Moderate,Weekend
1 days 04:00:00,B,65,Medium Risk,1 days 04:00:00,28,28,Moderate,Weekend
1 days 04:00:00,C,96,Medium Risk,1 days 04:00:00,28,28,Moderate,Weekday
1 days 04:05:00,A,14.75974398,Low Risk,1 days 04:05:00,28,28,Sparse,Weekday
1 days 04:05:00,B,11,Low Risk,1 days 04:05:00,28,28,Sparse,Weekday
1 days 04:05:00,C,22,Low Risk,1 days 04:05:00,28,28,Sparse,Weekday
1 days 04:10:00,A,60.51495032,Medium Risk,1 days 04:10:00,28,28,Moderate,Weekday
1 days 04:10:00,B,31,Low Risk,1 days 04:10:00,28,28,Sparse,Weekend
1 days 04:10:00,C,59,Medium Risk,1 days 04:10:00,28,28,Moderate,Weekend
1 days 04:15:00,A,66.41884791,Medium Risk,1 days 04:15:00,28,28,Moderate,Weekday
1 days 04:15:00,B,51,Medium Risk,1 days 04:15:00,28,28,Moderate,Weekday
1 days 04:15:00,C,74,Medium Risk,1 days 04:15:00,28,28,Moderate,Weekday
1 days 04:20:00,A,16.23571838,Low Risk,1 days 04:20:00,28,28,Sparse,Weekday
1 days 04:20:00,B,11,Low Risk,1 days 04:20:00,28,28,Sparse,Weekday
1 days 04:20:00,C,14,Low Risk,1 days 04:20:00,28,28,Sparse,Weekend
1 days 04:25:00,A,87.08248948,Medium Risk,1 days 04:25:00,28,28,Moderate,Weekend
1 days 04:25:00,B,50,Medium Risk,1 days 04:25:00,28,28,Moderate,Weekday
1 days 04:25:00,C,72,Medium Risk,1 days 04:25:00,28,28,Moderate,Weekday
1 days 04:30:00,A,44.27923194,Low Risk,1 days 04:30:00,28,28,Sparse,Weekday
1 days 04:30:00,B,31,Low Risk,1 days 04:30:00,28,28,Sparse,Weekday
1 days 04:30:00,C,43,Low Risk,1 days 04:30:00,28,28,Sparse,Weekday
1 days 04:35:00,A,25.09156476,Low Risk,1 days 04:35:00,28,28,Sparse,Weekend
1 days 04:35:00,B,17,Low Risk,1 days 04:35:00,28,28,Sparse,Weekend
1 days 04:35:00,C,22,Low Risk,1 days 04:35:00,28,28,Sparse,Weekday
1 days 04:40:00,A,50.18312953,Medium Risk,1 days 04:40:00,28,28,Moderate,Weekday
1 days 04:40:00,B,38,Low Risk,1 days 04:40:00,28,28,Sparse,Weekday
1 days 04:40:00,C,57,Medium Risk,1 days 04:40:00,28,28,Moderate,Weekday
1 days 04:45:00,A,41.32728314,Low Risk,1 days 04:45:00,28,28,Sparse,Weekday
1 days 04:45:00,B,24,Low Risk,1 days 04:45:00,28,28,Sparse,Weekend
1 days 04:45:00,C,43,Low Risk,1 days 04:45:00,28,28,Sparse,Weekend
1 days 04:50:00,A,25.09156476,Low Risk,1 days 04:50:00,28,28,Sparse,Weekday
1 days 04:50:00,B,14,Low Risk,1 days 04:50:00,28,28,Sparse,Weekday
1 days 04:50:00,C,21,Low Risk,1 days 04:50:00,28,28,Sparse,Weekday
1 days 04:55:00,A,7.37987199,Low Risk,1 days 04:55:00,28,28,Sparse,Weekday
1 days 04:55:00,B,4,Low Risk,1 days 04:55:00,28,28,Sparse,Weekday
1 days 04:55:00,C,5,Low Risk,1 days 04:55:00,28,28,Sparse,Weekend
1 days 05:00:00,A,88.55846388,Medium Risk,1 days 05:00:00,29,29,Moderate,Weekend
1 days 05:00:00,B,60,Medium Risk,1 days 05:00:00,29,29,Moderate,Weekday
1 days 05:00:00,C,92,Medium Risk,1 days 05:00:00,29,29,Moderate,Weekday
1 days 05:05:00,A,95.93833587,Medium Risk,1 days 05:05:00,29,29,Moderate,Weekday
1 days 05:05:00,B,76,Medium Risk,1 days 05:05:00,29,29,Moderate,Weekday
1 days 05:05:00,C,95,Medium Risk,1 days 05:05:00,29,29,Moderate,Weekday
1 days 05:10:00,A,22.13961597,Low Risk,1 days 05:10:00,29,29,Sparse,Weekend
1 days 05:10:00,B,16,Low Risk,1 days 05:10:00,29,29,Sparse,Weekend
1 days 05:10:00,C,17,Low Risk,1 days 05:10:00,29,29,Sparse,Weekday
1 days 05:15:00,A,109.2221054,Medium Risk,1 days 05:15:00,29,29,Moderate,Weekday
1 days 05:15:00,B,72,Medium Risk,1 days 05:15:00,29,29,Moderate,Weekday
1 days 05:15:00,C,119,Medium Risk,1 days 05:15:00,29,29,Moderate,Weekday
1 days 05:20:00,A,39.85130874,Low Risk,1 days 05:20:00,29,29,Sparse,Weekday
1 days 05:20:00,B,26,Low Risk,1 days 05:20:00,29,29,Sparse,Weekend
1 days 05:20:00,C,47,Low Risk,1 days 05:20:00,29,29,Sparse,Weekend
1 days 05:25:00,A,28.04351356,Low Risk,1 days 05:25:00,29,29,Sparse,Weekday
1 days 05:25:00,B,18,Low Risk,1 days 05:25:00,29,29,Sparse,Weekday
1 days 05:25:00,C,33,Low Risk,1 days 05:25:00,29,29,Sparse,Weekday
1 days 05:30:00,A,20.66364157,Low Risk,1 days 05:30:00,29,29,Sparse,Weekday
1 days 05:30:00,B,13,Low Risk,1 days 05:30:00,29,29,Sparse,Weekday
1 days 05:30:00,C,20,Low Risk,1 days 05:30:00,29,29,Sparse,Weekend
1 days 05:35:00,A,48.70715513,Low Risk,1 days 05:35:00,29,29,Sparse,Weekend
1 days 05:35:00,B,23,Low Risk,1 days 05:35:00,29,29,Sparse,Weekday
1 days 05:35:00,C,42,Low Risk,1 days 05:35:00,29,29,Sparse,Weekday
1 days 05:40:00,A,20.66364157,Low Risk,1 days 05:40:00,29,29,Sparse,Weekday
1 days 05:40:00,B,15,Low Risk,1 days 05:40:00,29,29,Sparse,Weekday
1 days 05:40:00,C,25,Low Risk,1 days 05:40:00,29,29,Sparse,Weekday
1 days 05:45:00,A,20.66364157,Low Risk,1 days 05:45:00,29,29,Sparse,Weekend
1 days 05:45:00,B,16,Low Risk,1 days 05:45:00,29,29,Sparse,Weekend
1 days 05:45:00,C,23,Low Risk,1 days 05:45:00,29,29,Sparse,Weekday
1 days 05:50:00,A,125.4578238,Medium Risk,1 days 05:50:00,29,29,Moderate,Weekday
1 days 05:50:00,B,103,Medium Risk,1 days 05:50:00,29,29,Moderate,Weekday
1 days 05:50:00,C,149,Medium Risk,1 days 05:50:00,29,29,Moderate,Weekday
1 days 05:55:00,A,67.8948223,Medium Risk,1 days 05:55:00,29,29,Moderate,Weekday
1 days 05:55:00,B,37,Low Risk,1 days 05:55:00,29,29,Sparse,Weekend
1 days 05:55:00,C,63,Medium Risk,1 days 05:55:00,29,29,Moderate,Weekend
1 days 06:00:00,A,72.3227455,Medium Risk,1 days 06:00:00,30,30,Moderate,Weekday
1 days 06:00:00,B,44,Low Risk,1 days 06:00:00,30,30,Sparse,Weekday
1 days 06:00:00,C,61,Medium Risk,1 days 06:00:00,30,30,Moderate,Weekday
1 days 06:05:00,A,14.75974398,Low Risk,1 days 06:05:00,30,30,Sparse,Weekday
1 days 06:05:00,B,10,Low Risk,1 days 06:05:00,30,30,Sparse,Weekday
1 days 06:05:00,C,14,Low Risk,1 days 06:05:00,30,30,Sparse,Weekend
1 days 06:10:00,A,19.18766717,Low Risk,1 days 06:10:00,30,30,Sparse,Weekend
1 days 06:10:00,B,12,Low Risk,1 days 06:10:00,30,30,Sparse,Weekday
1 days 06:10:00,C,17,Low Risk,1 days 06:10:00,30,30,Sparse,Weekday
1 days 06:15:00,A,87.08248948,Medium Risk,1 days 06:15:00,30,30,Moderate,Weekday
1 days 06:15:00,B,44,Low Risk,1 days 06:15:00,30,30,Sparse,Weekday
1 days 06:15:00,C,76,Medium Risk,1 days 06:15:00,30,30,Moderate,Weekday
1 days 06:20:00,A,16.23571838,Low Risk,1 days 06:20:00,30,30,Sparse,Weekend
1 days 06:20:00,B,12,Low Risk,1 days 06:20:00,30,30,Sparse,Weekend
1 days 06:20:00,C,18,Low Risk,1 days 06:20:00,30,30,Sparse,Weekday
1 days 06:25:00,A,11.80779518,Low Risk,1 days 06:25:00,30,30,Sparse,Weekday
1 days 06:25:00,B,9,Low Risk,1 days 06:25:00,30,30,Sparse,Weekday
1 days 06:25:00,C,12,Low Risk,1 days 06:25:00,30,30,Sparse,Weekday
1 days 06:30:00,A,84.13054068,Medium Risk,1 days 06:30:00,30,30,Moderate,Weekday
1 days 06:30:00,B,62,Medium Risk,1 days 06:30:00,30,30,Moderate,Weekend
1 days 06:30:00,C,107,Medium Risk,1 days 06:30:00,30,30,Moderate,Weekend
1 days 06:35:00,A,44.27923194,Low Risk,1 days 06:35:00,30,30,Sparse,Weekday
1 days 06:35:00,B,28,Low Risk,1 days 06:35:00,30,30,Sparse,Weekday
1 days 06:35:00,C,47,Low Risk,1 days 06:35:00,30,30,Sparse,Weekday
1 days 06:40:00,A,13.28376958,Low Risk,1 days 06:40:00,30,30,Sparse,Weekday
1 days 06:40:00,B,9,Low Risk,1 days 06:40:00,30,30,Sparse,Weekday
1 days 06:40:00,C,13,Low Risk,1 days 06:40:00,30,30,Sparse,Weekend
1 days 06:45:00,A,11.80779518,Low Risk,1 days 06:45:00,30,30,Sparse,Weekend
1 days 06:45:00,B,8,Low Risk,1 days 06:45:00,30,30,Sparse,Weekday
1 days 06:45:00,C,12,Low Risk,1 days 06:45:00,30,30,Sparse,Weekday
1 days 06:50:00,A,57.56300152,Medium Risk,1 days 06:50:00,30,30,Moderate,Weekday
1 days 06:50:00,B,51,Medium Risk,1 days 06:50:00,30,30,Moderate,Weekday
1 days 06:50:00,C,56,Medium Risk,1 days 06:50:00,30,30,Moderate,Weekday
1 days 06:55:00,A,292.2429308,High Risk,1 days 06:55:00,30,30,Dense,Weekend
1 days 06:55:00,B,196,High Risk,1 days 06:55:00,30,30,Dense,Weekend
1 days 06:55:00,C,232,High Risk,1 days 06:55:00,30,30,Dense,Weekday
1 days 07:00:00,A,19.18766717,Low Risk,1 days 07:00:00,31,31,Sparse,Weekday
1 days 07:00:00,B,15,Low Risk,1 days 07:00:00,31,31,Sparse,Weekday
1 days 07:00:00,C,18,Low Risk,1 days 07:00:00,31,31,Sparse,Weekday
1 days 07:05:00,A,172.6890046,High Risk,1 days 07:05:00,31,31,Dense,Weekday
1 days 07:05:00,B,95,Medium Risk,1 days 07:05:00,31,31,Moderate,Weekend
1 days 07:05:00,C,169,High Risk,1 days 07:05:00,31,31,Dense,Weekend
1 days 07:10:00,A,56.08702712,Medium Risk,1 days 07:10:00,31,31,Moderate,Weekday
1 days 07:10:00,B,32,Low Risk,1 days 07:10:00,31,31,Sparse,Weekday
1 days 07:10:00,C,46,Low Risk,1 days 07:10:00,31,31,Sparse,Weekday
1 days 07:15:00,A,41.32728314,Low Risk,1 days 07:15:00,31,31,Sparse,Weekday
1 days 07:15:00,B,41,Low Risk,1 days 07:15:00,31,31,Sparse,Weekday
1 days 07:15:00,C,43,Low Risk,1 days 07:15:00,31,31,Sparse,Weekend
1 days 07:20:00,A,47.23118073,Low Risk,1 days 07:20:00,31,31,Sparse,Weekend
1 days 07:20:00,B,31,Low Risk,1 days 07:20:00,31,31,Sparse,Weekday
1 days 07:20:00,C,61,Medium Risk,1 days 07:20:00,31,31,Moderate,Weekday
1 days 07:25:00,A,33.94741115,Low Risk,1 days 07:25:00,31,31,Sparse,Weekday
1 days 07:25:00,B,22,Low Risk,1 days 07:25:00,31,31,Sparse,Weekday
1 days 07:25:00,C,36,Low Risk,1 days 07:25:00,31,31,Sparse,Weekday
1 days 07:30:00,A,20.66364157,Low Risk,1 days 07:30:00,31,31,Sparse,Weekend
1 days 07:30:00,B,12,Low Risk,1 days 07:30:00,31,31,Sparse,Weekend
1 days 07:30:00,C,16,Low Risk,1 days 07:30:00,31,31,Sparse,Weekday
1 days 07:35:00,A,113.6500286,Medium Risk,1 days 07:35:00,31,31,Moderate,Weekday
1 days 07:35:00,B,67,Medium Risk,1 days 07:35:00,31,31,Moderate,Weekday
1 days 07:35:00,C,122,Medium Risk,1 days 07:35:00,31,31,Moderate,Weekday
1 days 07:40:00,A,26.56753916,Low Risk,1 days 07:40:00,31,31,Sparse,Weekday
1 days 07:40:00,B,23,Low Risk,1 days 07:40:00,31,31,Sparse,Weekend
1 days 07:40:00,C,27,Low Risk,1 days 07:40:00,31,31,Sparse,Weekend
1 days 07:45:00,A,128.4097726,Medium Risk,1 days 07:45:00,31,31,Moderate,Weekday
1 days 07:45:00,B,75,Medium Risk,1 days 07:45:00,31,31,Moderate,Weekday
1 days 07:45:00,C,127,Medium Risk,1 days 07:45:00,31,31,Moderate,Weekday
1 days 07:50:00,A,48.70715513,Low Risk,1 days 07:50:00,31,31,Sparse,Weekday
1 days 07:50:00,B,32,Low Risk,1 days 07:50:00,31,31,Sparse,Weekday
1 days 07:50:00,C,48,Low Risk,1 days 07:50:00,31,31,Sparse,Weekend
1 days 07:55:00,A,92.98638707,Medium Risk,1 days 07:55:00,31,31,Moderate,Weekend
1 days 07:55:00,B,84,Medium Risk,1 days 07:55:00,31,31,Moderate,Weekday
1 days 07:55:00,C,140,Medium Risk,1 days 07:55:00,31,31,Moderate,Weekday
1 days 08:00:00,A,16.23571838,Low Risk,1 days 08:00:00,32,32,Sparse,Weekday
1 days 08:00:00,B,11,Low Risk,1 days 08:00:00,32,32,Sparse,Weekday
1 days 08:00:00,C,16,Low Risk,1 days 08:00:00,32,32,Sparse,Weekday
1 days 08:05:00,A,78.22664309,Medium Risk,1 days 08:05:00,32,32,Moderate,Weekend
1 days 08:05:00,B,40,Low Risk,1 days 08:05:00,32,32,Sparse,Weekend
1 days 08:05:00,C,67,Medium Risk,1 days 08:05:00,32,32,Moderate,Weekday
1 days 08:10:00,A,157.9292606,High Risk,1 days 08:10:00,32,32,Dense,Weekday
1 days 08:10:00,B,108,Medium Risk,1 days 08:10:00,32,32,Moderate,Weekday
1 days 08:10:00,C,162,High Risk,1 days 08:10:00,32,32,Dense,Weekday
1 days 08:15:00,A,132.8376958,Medium Risk,1 days 08:15:00,32,32,Moderate,Weekday
1 days 08:15:00,B,69,Medium Risk,1 days 08:15:00,32,32,Moderate,Weekend
1 days 08:15:00,C,127,Medium Risk,1 days 08:15:00,32,32,Moderate,Weekend
1 days 08:20:00,A,214.0162877,High Risk,1 days 08:20:00,32,32,Dense,Weekday
1 days 08:20:00,B,117,Medium Risk,1 days 08:20:00,32,32,Moderate,Weekday
1 days 08:20:00,C,197,High Risk,1 days 08:20:00,32,32,Dense,Weekday
1 days 08:25:00,A,35.42338555,Low Risk,1 days 08:25:00,32,32,Sparse,Weekday
1 days 08:25:00,B,19,Low Risk,1 days 08:25:00,32,32,Sparse,Weekday
1 days 08:25:00,C,37,Low Risk,1 days 08:25:00,32,32,Sparse,Weekend
1 days 08:30:00,A,13.28376958,Low Risk,1 days 08:30:00,32,32,Sparse,Weekend
1 days 08:30:00,B,11,Low Risk,1 days 08:30:00,32,32,Sparse,Weekday
1 days 08:30:00,C,15,Low Risk,1 days 08:30:00,32,32,Sparse,Weekday
1 days 08:35:00,A,109.2221054,Medium Risk,1 days 08:35:00,32,32,Moderate,Weekday
1 days 08:35:00,B,72,Medium Risk,1 days 08:35:00,32,32,Moderate,Weekday
1 days 08:35:00,C,94,Medium Risk,1 days 08:35:00,32,32,Moderate,Weekday
1 days 08:40:00,A,8.855846388,Low Risk,1 days 08:40:00,32,32,Sparse,Weekend
1 days 08:40:00,B,7,Low Risk,1 days 08:40:00,32,32,Sparse,Weekend
1 days 08:40:00,C,12,Low Risk,1 days 08:40:00,32,32,Sparse,Weekday
1 days 08:45:00,A,90.03443827,Medium Risk,1 days 08:45:00,32,32,Moderate,Weekday
1 days 08:45:00,B,58,Medium Risk,1 days 08:45:00,32,32,Moderate,Weekday
1 days 08:45:00,C,124,Medium Risk,1 days 08:45:00,32,32,Moderate,Weekday
1 days 08:50:00,A,28.04351356,Low Risk,1 days 08:50:00,32,32,Sparse,Weekday
1 days 08:50:00,B,25,Low Risk,1 days 08:50:00,32,32,Sparse,Weekend
1 days 08:50:00,C,27,Low Risk,1 days 08:50:00,32,32,Sparse,Weekend
1 days 08:55:00,A,75.27469429,Medium Risk,1 days 08:55:00,32,32,Moderate,Weekday
1 days 08:55:00,B,45,Low Risk,1 days 08:55:00,32,32,Sparse,Weekday
1 days 08:55:00,C,97,Medium Risk,1 days 08:55:00,32,32,Moderate,Weekday
1 days 09:00:00,A,10.33182079,Low Risk,1 days 09:00:00,33,33,Sparse,Weekday
1 days 09:00:00,B,5,Low Risk,1 days 09:00:00,33,33,Sparse,Weekday
1 days 09:00:00,C,10,Low Risk,1 days 09:00:00,33,33,Sparse,Weekend
1 days 09:05:00,A,70.8467711,Medium Risk,1 days 09:05:00,33,33,Moderate,Weekend
1 days 09:05:00,B,40,Low Risk,1 days 09:05:00,33,33,Sparse,Weekday
1 days 09:05:00,C,58,Medium Risk,1 days 09:05:00,33,33,Moderate,Weekday
1 days 09:10:00,A,50.18312953,Medium Risk,1 days 09:10:00,33,33,Moderate,Weekday
1 days 09:10:00,B,34,Low Risk,1 days 09:10:00,33,33,Sparse,Weekday
1 days 09:10:00,C,45,Low Risk,1 days 09:10:00,33,33,Sparse,Weekday
1 days 09:15:00,A,7.37987199,Low Risk,1 days 09:15:00,33,33,Sparse,Weekend
1 days 09:15:00,B,5,Low Risk,1 days 09:15:00,33,33,Sparse,Weekend
1 days 09:15:00,C,6,Low Risk,1 days 09:15:00,33,33,Sparse,Weekday
